prompt,url,title,google_position
What are the best CRM software in 2026?,https://www.merriam-webster.com/dictionary/what,WHAT Definition & Meaning,1
What are the best CRM software in 2026?,https://www.dictionary.com/browse/what,WHAT Definition & Meaning,2
What are the best CRM software in 2026?,https://en.wiktionary.org/wiki/what,"what - Wiktionary, the free dictionary",3
What are the best CRM software in 2026?,https://www.collinsdictionary.com/us/dictionary/english/what,WHAT definition in American English,4
What are the best CRM software in 2026?,https://www.quora.com/What-is-the-meaning-of-what-15,What is the meaning of ''what''?,5
What are the best CRM software in 2026?,https://dictionary.cambridge.org/us/dictionary/english/what,WHAT | definition in the Cambridge English Dictionary,6
What are the best CRM software in 2026?,https://en.wikipedia.org/wiki/What,What - Wikipedia,7
Best project management tools for small teams,https://www.icagile.com/resources/honest-review-of-6-personal-project-management-tools-with-kanban-view,Honest Review of 6 Personal Project Management Tools ...,1
Best project management tools for small teams,https://www.teamwork.com/blog/best-project-management-tools/,10 Best Project Management Tools for 2026,2
Best project management tools for small teams,https://zapier.com/blog/best-project-management-software-small-business/,The best small business project management software in ...,3
Best project management tools for small teams,https://www.reddit.com/r/projectmanagement/comments/11zsxqc/best_project_management_tool_for_extremely_small/,Best Project Management tool for extremely small team ...,4
Best project management tools for small teams,https://www.wrike.com/project-management-guide/faq/what-are-project-management-tools/,Best project management tools and software: My 21 top ...,5
Best project management tools for small teams,https://plaky.com/blog/best-project-management-tools-for-small-teams/,Best Project Management Software for Small Teams in 2026,6
Best project management tools for small teams,https://www.paymoapp.com/blog/project-management-software/,20+ Best Project Management Software for 2026,7
Best project management tools for small teams,https://www.ifourtechnolab.com/blog/top-ten-project-management-tools-for-small-to-medium-it-projects,"Best Project Management Software for Small Teams, ...",8
How to choose a CRM for my business,https://www.uschamber.com/co/grow/customers/choosing-the-best-crm-software,Choosing the Best CRM Software for Small Businesses,1
How to choose a CRM for my business,https://www.creatio.com/glossary/how-to-choose-crm,How to Choose a CRM Software: A Complete Guide for 2026,2
How to choose a CRM for my business,https://community.hubspot.com/t/how-do-i-choose-the-right-crm-system-for-my-companys-needs/106075,How do I choose the right CRM system for my company's ...,3
How to choose a CRM for my business,https://www.salesforce.com/crm/best-crm/,Choosing The Best CRM Software In 2026,4
How to choose a CRM for my business,https://www.zendesk.com/blog/sales/crm-buying-guide/choose-best-crm-business-needs/,How to choose a CRM system: A step-by-step guide,5
How to choose a CRM for my business,https://www.vested.marketing/blog/guide-to-choosing-the-right-crm-for-your-business,Guide to Choosing the Right CRM for Your Business,6
How to choose a CRM for my business,https://www.pcmag.com/picks/the-best-crm-software,The Best CRM Software We've Tested for 2026,7
How to choose a CRM for my business,https://www.vtiger.com/crm/choosing-a-crm/,How to Choose a CRM System,8
Best accounting software for freelancers,https://www.jobbers.io/the-best-accounting-software-for-freelancers-by-country-uk-france-germany-india-uae/,The Best Accounting Software for Freelancers by Country,1
Best accounting software for freelancers,https://www.waveapps.com/accounting/freelancers,Best accounting software for freelancers,2
Best accounting software for freelancers,https://zapier.com/blog/accounting-bookkeeping-software-freelance/,The 8 best self-employed accounting software tools,3
Best accounting software for freelancers,https://quickbooks.intuit.com/solopreneur/,Self-Employed Accounting Software for Solopreneurs,4
Best accounting software for freelancers,https://www.nerdwallet.com/business/software/best/freelancer-accounting-software,Best Freelance and Self-Employed Accounting Software,5
Best accounting software for freelancers,https://technologyadvice.com/blog/accounting/best-self-employed-accounting-software/,5 Best Self-Employed Accounting Software for 2026,6
Best accounting software for freelancers,https://www.reddit.com/r/digitalnomad/comments/1tnrl6q/best_accounting_software_for_freelancers_with/,best accounting software for freelancers with international ...,7
Best accounting software for freelancers,https://www.deel.com/blog/best-bookkeeping-software-for-freelancers/,Best Bookkeeping Software for Freelancers: Save Time & ...,8
Best email marketing tools for small business,https://www.emailvendorselection.com/best-email-marketing-platforms/,16 Best Email Marketing Platforms 2026 (Review & ...,1
Best email marketing tools for small business,https://www.emailtooltester.com/en/blog/free-email-marketing-services/,The 17 Best Free Email Marketing Services for 2026,2
Best email marketing tools for small business,https://www.reddit.com/r/Emailmarketing/comments/1eh41pm/recommendations_for_email_marketing_tools_for_a/,Recommendations for email marketing tools for a small ...,3
Best email marketing tools for small business,https://www.constantcontact.com/blog/best-email-marketing-platforms-for-small-businesses/,Best Email Marketing Platforms for Small Businesses (2026),4
Best email marketing tools for small business,https://mailtrap.io/blog/email-marketing-platforms-for-startups/,16 Best Email Marketing Platforms for Startups [2026],5
Best email marketing tools for small business,https://zapier.com/blog/free-email-marketing-software/,The 8 Best Free Email Marketing Services in 2026,6
Best email marketing tools for small business,https://www.lendio.com/guides/email-marketing-platforms,20 Email Marketing Platforms For Small Businesses,7
Best email marketing tools for small business,https://www.salesforce.com/marketing/email/best-email-marketing-platform/small-business/,Best Email Marketing Platform for Small Business in 2026,8
Best email marketing tools for small business,https://moosend.com/blog/email-marketing-software-for-small-business/,11 Best Email Marketing Software For Small Businesses ...,9
Best tools for remote team collaboration,https://thedigitalprojectmanager.com/tools/collaboration-tools-for-remote-teams/,10 Best Collaboration Tools for Remote Teams in 2026,1
Best tools for remote team collaboration,https://www.wrike.com/collaborative-work-guide/best-collaboration-tools-software/,The Best 20 Collaboration Tools for Teams in 2026,2
Best tools for remote team collaboration,https://slack.com/blog/collaboration/top-collaboration-tools-remote-work,Top collaboration tools for remote work,3
Best tools for remote team collaboration,https://www.splashtop.com/blog/remote-collaboration,Must-Have Remote Collaboration Tools to Improve ...,4
Best tools for remote team collaboration,https://vibe.us/blog/remote-collaboration-tools/?srsltid=AfmBOopBwEVisVjqjqhxs4hMb7daHZI-jr4TbcjXX1n63N-f55HoDF7i,The Best Remote Collaboration Tools in 2026: A Team-by- ...,5
Best tools for remote team collaboration,https://www.larksuite.com/en_us/blog/best-remote-collaboration-tools,Discover the best remote collaboration tools for teams,6
Best tools for remote team collaboration,https://www.reddit.com/r/remotework/comments/1kv6lat/what_are_some_of_the_best_team_collaboration/,What are some of the best team collaboration tools for ...,7
Best tools for remote team collaboration,https://reclaim.ai/blog/collaboration-platforms,12 Best Online Collaboration Platforms (2026 Comparison),8
Best invoicing software for small business,https://www.zoho.com/us/invoice/,Free online invoicing software for small businesses,1
Best invoicing software for small business,https://www.reddit.com/r/smallbusiness/comments/1pgxlon/about_the_best_invoicing_software_which_ones/,"about the best invoicing software, which ones actually feel ...",2
Best invoicing software for small business,https://squareup.com/us/en/invoices,Free Invoicing Software,3
Best invoicing software for small business,https://www.forbes.com/advisor/business/software/best-invoicing-software/,10 Best Invoicing And Billing Software Of 2026,4
Best invoicing software for small business,https://mercury.com/blog/best-invoicing-software-for-startups-small-businesses,Best invoicing software for startups and small businesses,5
Best invoicing software for small business,https://www.waveapps.com/invoicing,Best Invoice Software for Small Businesses,6
Best invoicing software for small business,https://quickbooks.intuit.com/accounting/invoicing/,Online Invoicing Software for Small Businesses - QuickBooks,7
Best invoicing software for small business,https://www.cnbc.com/select/best-invoicing-software-for-small-businesses/,5 best invoicing and billing software for small businesses,8
Best invoicing software for small business,https://invoiceninja.com/,Invoice Ninja: Free Invoicing Software for Small Business,9
Best invoicing software for small business,https://invoicely.com/,Free Online Invoicing for Small Businesses - invoicely,10
Best help desk software for startups,https://www.salesforce.com/blog/small-business/help-desk-software-startups/,The 8 Best Help Desk Software Options for Small Teams,1
Best help desk software for startups,https://www.helpdesk.com/industries/startups-help-desk/,Help Desk software for Startups industry 💡,2
Best help desk software for startups,https://www.getmacha.com/blog/best-help-desk-for-startups,Best Help Desk for Startups (2026): 8 Tools Compared,3
Best help desk software for startups,https://crisp.chat/en/blog/best-9-helpdesk-ticketing-system/,Best 9 helpdesk software and ticketing systems for 2026,4
Best help desk software for startups,https://unthread.io/blog/help-desk-software-startups/,Best Help Desk Software for Startups in 2026,5
Best help desk software for startups,https://help-desk-migration.com/the-best-help-desk-for-startups/,Best Help Desk For Startups in 2026,6
Best help desk software for startups,https://www.bolddesk.com/startups,Best Free Help Desk Software for Startups,7
Best help desk software for startups,https://www.donkey.support/blog/best-small-business-help-desk-software,Best Small Business Help Desk Software (2026) - Top Picks...,8
Best help desk software for startups,https://www.xurrent.com/blog/best-help-desk-solutions,45 Best Help Desk Solutions for 2026: Reviewed and ...,9
Best e-commerce platforms 2026,https://zapier.com/blog/best-ecommerce-shopping-cart-software/,The 6 Best eCommerce Website Building Platforms in 2026,1
Best e-commerce platforms 2026,https://www.reddit.com/r/EcommerceWebsite/comments/1ps1i44/what_are_people_actually_using_as_the_best/,What are people actually using as the best ecommerce ...,2
Best e-commerce platforms 2026,https://www.bigcommerce.com/articles/ecommerce/ecommerce-platforms/,9 Best Ecommerce Platforms of 2026 (Know Your Options),3
Best e-commerce platforms 2026,https://www.mrpeasy.com/blog/best-ecommerce-platforms/,Best E-Commerce Platforms for Small Business 2026,4
Best e-commerce platforms 2026,https://businesswith.com/e-commerce-platform/,Best E-Commerce Platforms 2026 | Compare 86 Systems,5
Best e-commerce platforms 2026,https://technologyadvice.com/blog/sales/best-ecommerce-platforms/,10 Best Ecommerce Platforms for 2026 (Tested & Ranked),6
Best e-commerce platforms 2026,https://willowcommerce.ai/the-best-ecommerce-platforms-for-online-sellers-in-2026-expand-your-reach-with-ease/,The Best eCommerce Platforms for Online Sellers in 2026,7
Best e-commerce platforms 2026,https://elementor.com/blog/best-ecommerce-platforms/,10 Best eCommerce Platforms for Building Your Online ...,8
What are the symptoms of flu?,https://my.clevelandclinic.org/health/diseases/4335-influenza-flu,"Flu (Influenza): Causes, Symptoms, Types & Treatment",1
What are the symptoms of flu?,https://www.cdc.gov/flu/signs-symptoms/index.html,Signs and Symptoms of Flu | Influenza (Flu),2
What are the symptoms of flu?,https://www.mayoclinic.org/diseases-conditions/flu/symptoms-causes/syc-20351719,Influenza (flu) - Symptoms and causes,3
What are the symptoms of flu?,https://www.nhsinform.scot/illnesses-and-conditions/infections-and-poisoning/flu/,Flu,4
What are the symptoms of flu?,https://www.nhs.uk/conditions/flu/,Flu,5
What are the symptoms of flu?,https://www.osfhealthcare.org/services/specialties/primary-care/vaccines/flu,"Flu Symptoms, Treatment & Prevention",6
What are the symptoms of flu?,https://carrborofamilymedicine.net/recognize-flu-symptoms,How to Recognize Flu Symptoms Early,7
What are the symptoms of flu?,https://www.healthline.com/health/influenza/what-to-do-first-sign,First Signs of the Flu: What to Do If You Get Sick,8
What are the symptoms of flu?,https://www.tylenol.com/adult-relief/cold-flu/cold-or-flu,Do I Have a Cold or the Flu? Learn the Difference,9
How to lower blood pressure naturally,https://www.mayoclinic.org/diseases-conditions/high-blood-pressure/in-depth/high-blood-pressure/art-20046974,10 ways to manage high blood pressure without medicine,1
How to lower blood pressure naturally,https://www.nm.org/healthbeat/healthy-tips/foods-that-can-lower-your-blood-pressure-naturally,Foods That Can Lower Your Blood Pressure Naturally,2
How to lower blood pressure naturally,https://healthcare.utah.edu/cardiovascular/conditions/hypertension/how-to-lower-high-blood-pressure,How To Lower Blood Pressure,3
How to lower blood pressure naturally,https://mycardiologist.net/how-to-lower-blood-pressure-without-medication/,How to Lower Blood Pressure Without Medication,4
How to lower blood pressure naturally,https://www.cdc.gov/high-blood-pressure/prevention/index.html,Preventing High Blood Pressure,5
How to lower blood pressure naturally,http://www.hallbrooke.org/about-us/news-press/news-detail?articleId=48182&publicid=395,5 Natural Ways to Lower Your Blood Pressure,6
How to lower blood pressure naturally,https://www.ncoa.org/article/10-foods-that-help-lower-blood-pressure-naturally/,10 Foods That Help Lower Blood Pressure Naturally,7
How to lower blood pressure naturally,https://www.heart.org/en/health-topics/high-blood-pressure/changes-you-can-make-to-manage-high-blood-pressure/managing-blood-pressure-with-a-heart-healthy-diet,Managing Blood Pressure with a Heart-Healthy Diet,8
Best ways to improve sleep quality,https://www.healthline.com/nutrition/17-tips-to-sleep-better,Top 15 Tips to Sleep Better at Night,1
Best ways to improve sleep quality,https://www.nhs.uk/every-mind-matters/mental-wellbeing-tips/how-to-fall-asleep-faster-and-sleep-better/,Fall asleep faster and sleep better - Every Mind Matters,2
Best ways to improve sleep quality,https://www.health.harvard.edu/newsletter_article/8-secrets-to-a-good-nights-sleep,8 secrets to a good night's sleep - Harvard Health,3
Best ways to improve sleep quality,https://health.clevelandclinic.org/how-to-get-better-sleep,How To Get Better Sleep: Top Tips From a Sleep Specialist,4
Best ways to improve sleep quality,https://www.healthhub.sg/well-being-and-lifestyle/personal-care/are-you-getting-quality-sleep,3 Ways to Improve Sleep Quality,5
Best ways to improve sleep quality,https://www.healthylongevity.clinic/blog/how-to-improve-sleep-quality,‍12 Scientifically Proven Tips on How to Sleep Better,6
Best ways to improve sleep quality,https://www.reddit.com/r/productivity/comments/tk8e4r/what_habits_to_you_guys_have_to_improve_your/,What habits to you guys have to improve your sleep quality?,7
Best ways to improve sleep quality,https://medlineplus.gov/healthysleep.html,Healthy Sleep,8
How to boost your immune system,https://www.health.harvard.edu/healthy-aging-and-longevity/how-to-boost-your-immune-system,How to boost your immune system,1
How to boost your immune system,https://www.brownhealth.org/be-well/foods-boost-your-immune-system,Foods to Boost Your Immune System,2
How to boost your immune system,https://www.mdanderson.org/cancerwise/6-simple-ways-to-boost-your-immune-system.h00-159781968.html,6 simple ways to boost your immune system,3
How to boost your immune system,https://pmc.ncbi.nlm.nih.gov/articles/PMC10630845/,Common foods for boosting human immunity: A review - PMC,4
How to boost your immune system,https://www.spirehealthcare.com/health-hub/specialties/lifestyle-management/10-foods-that-can-help-boost-your-immune-system/,10 foods that can help boost your immune system,5
How to boost your immune system,https://www.cdc.gov/healthy-weight-growth/about/enhancing-immunity.html,Healthy Habits: Enhancing Immunity,6
How to boost your immune system,https://www.mayoclinichealthsystem.org/hometown-health/speaking-of-health/fight-off-the-flu-with-nutrients,Immune-boosting nutrients fight flu,7
How to boost your immune system,https://www.zarbees.ie/articles/ways-to-support-immune-system,9 Ways to Support Your Immune System | Zarbee's® UK,8
What causes chronic headaches,https://www.mayoclinic.org/diseases-conditions/chronic-daily-headaches/symptoms-causes/syc-20370891,Chronic daily headaches - Symptoms and causes,1
What causes chronic headaches,https://www.scripps.org/news_items/3239-why-do-i-get-frequent-headaches,Why Do I Get Frequent Headaches?,2
What causes chronic headaches,https://www.medicalnewstoday.com/articles/326091,Headache that won't go away: Causes and treatments,3
What causes chronic headaches,https://www.health.harvard.edu/diseases-and-conditions/top-7-reasons-you-have-a-headache,Top 7 reasons you have a headache,4
What causes chronic headaches,https://mydoctor.kaiserpermanente.org/ncal/structured-content/chronic-headaches-19618,Chronic Headaches - My Doctor Online - Kaiser Permanente,5
What causes chronic headaches,https://piedmonthealth.org/what-causes-frequent-headaches/,What Causes Frequent Headaches? When to See a ...,6
What causes chronic headaches,https://nationalheadacheinstitute.com/blog/10-most-common-causes-of-chronic-daily-headache/,10 Most Common Causes of Chronic Daily Headache,7
How to lower cholesterol without medication,https://www.mayoclinic.org/diseases-conditions/high-blood-cholesterol/in-depth/reduce-cholesterol/art-20045935,Top 5 lifestyle changes to improve your cholesterol,1
How to lower cholesterol without medication,https://www.health.harvard.edu/heart-health/how-to-lower-your-cholesterol-without-drugs,How to lower your cholesterol without drugs,2
How to lower cholesterol without medication,https://www.bhf.org.uk/informationsupport/heart-matters-magazine/medical/cholesterol-lowering-alternatives,7 natural alternatives to statins that claim to lower cholesterol,3
How to lower cholesterol without medication,https://www.nhs.uk/conditions/high-cholesterol/how-to-lower-your-cholesterol/,How to lower your cholesterol – High cholesterol,4
How to lower cholesterol without medication,https://pmc.ncbi.nlm.nih.gov/articles/PMC1312230/,Effectiveness of altering serum cholesterol levels without drugs,5
How to lower cholesterol without medication,https://coscardiology.com/how-to-reduce-cholesterol-naturally/,How to Reduce Cholesterol Levels Naturally,6
How to lower cholesterol without medication,https://medlineplus.gov/howtolowercholesterolwithdiet.html,How to Lower Cholesterol with Diet,7
How to lower cholesterol without medication,https://health.clevelandclinic.org/how-to-lower-cholesterol,7 Ways To Lower Your Cholesterol,8
Best vitamins for energy,https://www.health.harvard.edu/diet-and-nutrition/best-vitamins-and-minerals-for-energy,Best vitamins and minerals for energy,1
Best vitamins for energy,https://www.goodrx.com/well-being/supplements-herbs/vitamins-supplements-for-energy-boost?srsltid=AfmBOoqMEpKWaLR1ZYqkFnyYD7_gxO4HiZntVLclFKLIy4gpPuD1_irv,The 9 Best Vitamins and Supplements for Energy,2
Best vitamins for energy,https://www.joinmidi.com/post/vitamins-for-energy-for-women,The 7 Best Energy-Boosting Vitamins and Minerals for ...,3
Best vitamins for energy,https://www.amazon.com/vitamins-energy-tiredness/s?k=vitamins+for+energy+and+tiredness,Vitamins For Energy And Tiredness,4
Best vitamins for energy,https://www.webmd.com/sleep-disorders/supplements-and-energy-what-to-know,Can Supplements Improve Your Energy?,5
Best vitamins for energy,https://www.oakstreethealth.com/8-minerals-and-vitamins-for-energy-2361500,8 Minerals and Vitamins for Energy,6
Best vitamins for energy,https://www.gnc.com/buy/energy-boosting-vitamins?srsltid=AfmBOooaqyivJ5NY9mVrc3Eylm4FaL9rk4rsjVd4Txkmn9u5XZi-JVel,Energy Boosting Vitamins,7
Best vitamins for energy,https://www.lifeextension.com/wellness/supplements/10-vitamins-and-supplements-for-energy?srsltid=AfmBOorWsVqqFf0vflbu5M2NNoN-p426yYig7NkiI3HUMj5rSnrQnISF,Top 12 Vitamins & Supplements for Energy,8
Best vitamins for energy,https://www.ulta.com/discover/beauty-education/best-vitamins-for-energy,Best Vitamins for Energy and Fatigue 2026,9
How to manage seasonal allergies,https://www.mayoclinic.org/diseases-conditions/hay-fever/in-depth/seasonal-allergies/art-20048343,Seasonal allergies: Nip them in the bud,1
How to manage seasonal allergies,https://health.clevelandclinic.org/how-to-manage-spring-allergies,How To Tame Your Spring Allergies,2
How to manage seasonal allergies,https://www.cbwchc.org/news/guide-to-managing-seasonal-allergies,A Practical Guide to Managing Seasonal Allergies,3
How to manage seasonal allergies,https://www.colorado.edu/studentlife/summer-allergies,5 ways to manage seasonal allergies,4
How to manage seasonal allergies,https://www.zyrtec.com/allergy-guide/understanding-allergies/treatment/what-helps-with-allergies-at-home,Try These At-Home Allergy Relief Tips & Remedies,5
How to manage seasonal allergies,https://utswmed.org/medblog/seasonal-allergy-relief-pollen/,3 ways to nip seasonal allergies in the bud,6
How to manage seasonal allergies,https://www.cigna.com/knowledge-center/natural-remedies-for-seasonal-allergies,Natural Remedies for Seasonal Allergies,7
How to manage seasonal allergies,https://myhealth.alberta.ca/Health/aftercareinformation/pages/conditions.aspx?hwid=abk1357,Seasonal Allergies: Care Instructions - MyHealth Alberta,8
How to manage seasonal allergies,https://emersonhealth.org/tips-and-remedies-for-allergy-season/,Tips and Remedies for Allergy Season,9
What are the early signs of diabetes,https://www.webmd.com/diabetes/understanding-diabetes-symptoms,Early Signs and Symptoms of Diabetes,1
What are the early signs of diabetes,https://diabetes.org/about-diabetes/warning-signs-symptoms,Diabetes Symptoms & Early Warning Signs,2
What are the early signs of diabetes,https://www.jackson-hospital.com/10-early-signs-of-diabetes-you-shouldnt-ignore/,10 Early Signs of Diabetes You Shouldn't Ignore,3
What are the early signs of diabetes,https://www.cdc.gov/diabetes/signs-symptoms/index.html,Symptoms of Diabetes,4
What are the early signs of diabetes,https://www.facebook.com/UKHealthCare/videos/do-you-know-some-of-the-potential-early-symptoms-of-diabetes/2053552968391700/,Do you know some of the potential early symptoms of diabetes?,5
What are the early signs of diabetes,https://www.uhc.com/news-articles/healthy-living/what-are-the-early-warning-signs-of-diabetes,What are the early warning signs of diabetes?,6
What are the early signs of diabetes,https://www.niddk.nih.gov/health-information/diabetes/overview/symptoms-causes,Symptoms & Causes of Diabetes - NIDDK,7
What are the early signs of diabetes,https://www.mayoclinic.org/diseases-conditions/diabetes/in-depth/diabetes-symptoms/art-20044248,When diabetes symptoms are a concern,8
How to reduce inflammation in the body,https://www.mdanderson.org/cancerwise/how-to-reduce-inflammation-in-the-body.h00-159853767.html,How to reduce inflammation in the body,1
How to reduce inflammation in the body,https://www.health.harvard.edu/healthy-aging-and-longevity/foods-that-fight-inflammation,Foods that fight inflammation,2
How to reduce inflammation in the body,https://my.clevelandclinic.org/health/symptoms/21660-inflammation,"What Is Inflammation? Types, Causes & Treatment",3
How to reduce inflammation in the body,https://www.hopkinsmedicine.org/health/wellness-and-prevention/anti-inflammatory-diet,Anti Inflammatory Diet,4
How to reduce inflammation in the body,https://www.peacehealth.org/healthy-you/inflammation-underlying-cause-many-conditions,Inflammation: An underlying cause of many conditions,5
How to reduce inflammation in the body,https://www.youtube.com/watch?v=AtvhbXLxmlI,How to Start An Anti-Inflammatory Diet | Ask Cleveland Clinic's ...,6
How to reduce inflammation in the body,https://www.va.gov/WHOLEHEALTHLIBRARY/tools/Eating_to_Reduce_Inflammation.asp,Eating to Reduce Inflammation - Whole Health Library,7
How to reduce inflammation in the body,https://health.ucdavis.edu/blog/good-food/9-healthy-eating-tips-that-can-help-reduce-inflammation/2023/11,9 healthy eating tips that can help reduce inflammation,8
How to reduce inflammation in the body,https://cancerblog.mayoclinic.org/2025/02/17/want-to-reduce-chronic-inflammation-start-with-your-grocery-list/,Want to reduce chronic inflammation? Start with your ...,9
Best laptops for college students 2026,https://www.reddit.com/r/LaptopForStudent/comments/1rctv9v/best_laptops_for_college_students_2026_everything/,best laptops for college students 2026 — everything you ...,1
Best laptops for college students 2026,https://www.nytimes.com/wirecutter/reviews/best-laptops-for-college-students/,The 7 Best Laptops for College Students in 2026,2
Best laptops for college students 2026,https://www.wired.com/story/best-college-laptops/,Best Laptops for College Students (2026),3
Best laptops for college students 2026,https://www.pcmag.com/picks/the-best-laptops-for-college-students,The Best Laptops We've Tested for College Students in 2026,4
Best laptops for college students 2026,https://www.bestbuy.com/site/shop/student-laptops,Student Laptops,5
Best laptops for college students 2026,https://www.tomshardware.com/best-picks/best-college-laptops,"Best College Laptops: Tested Picks for Research, Writing ...",6
Best laptops for college students 2026,https://www.backmarket.com/en-us/c/laptops/best-student-laptop-discounts?srsltid=AfmBOorZLkV_OsOIWwQrOdlbc0Yx8Q4aKUO8uXSkbBC5F0vmHLi03F-J,What are the best laptops for college in 2026? - Back Market,7
Best laptops for college students 2026,https://www.rtings.com/laptop/reviews/best/by-usage/college,The 6 Best Laptops For College of 2026,8
How to learn Python for data science,https://www.reddit.com/r/learnpython/comments/d378fo/how_should_i_go_about_learning_python_for_data/,How should I go about learning Python for data science?,1
How to learn Python for data science,https://towardsdatascience.com/how-to-learn-python-so-fast-it-feels-like-cheating/,How to Learn Python for Data Science Fast in 2026 ...,2
How to learn Python for data science,https://www.coursera.org/learn/python-for-applied-data-science-ai,"Python for Data Science, AI & Development",3
How to learn Python for data science,https://www.codecademy.com/learn/paths/learn-python-for-data-science,Learn Python for Data Science,4
How to learn Python for data science,https://www.kaggle.com/learn,"Learn Python, Data Viz, Pandas & More | Tutorials",5
How to learn Python for data science,https://cognitiveclass.ai/courses/python-for-data-science,Python for Data Science course,6
How to learn Python for data science,https://learn.microsoft.com/en-us/training/modules/explore-analyze-data-with-python/,Explore and analyze data with Python - Training,7
How to learn Python for data science,https://www.datacamp.com/courses/intro-to-python-for-data-science,"Learn Python for Beginners, Python Basics",8
Best noise cancelling headphones,https://recordingnow.com/blog/best-noise-cancelling-headphones/,Best Noise Cancelling Headphones 2026 (50+ Tested!),1
Best noise cancelling headphones,https://www.nytimes.com/wirecutter/reviews/best-noise-cancelling-headphones/,The 4 Best Noise-Cancelling Headphones of 2026,2
Best noise cancelling headphones,https://www.rtings.com/headphones/reviews/best/by-feature/noise-cancelling,The 5 Best Noise Cancelling Headphones of 2026,3
Best noise cancelling headphones,https://www.reddit.com/r/digitalnomad/comments/1pt8k3a/what_are_the_best_noisecancelling_headphones_or/,What are the best noise-cancelling headphones or brands ...,4
Best noise cancelling headphones,https://www.cnet.com/tech/mobile/best-noise-canceling-headphones/,Best Noise Cancelling Headphones of 2026,5
Best noise cancelling headphones,https://www.bestbuy.com/site/headphones/noise-cancelling-headphones/pcmcat1506545802590.c?id=pcmcat1506545802590,Noise-Cancelling Headphones,6
Best noise cancelling headphones,https://www.amazon.co.uk/Best-Sellers-Noise-Cancelling-Headphones/zgbs/electronics/310193011,The most popular items in Noise Cancelling Headphones,7
Best noise cancelling headphones,https://www.whathifi.com/best-buys/headphones/best-noise-cancelling-headphones,Best noise-cancelling headphones 2026 – 6 sensational ...,8
Best noise cancelling headphones,https://www.soundguys.com/best-noise-cancelling-headphones-for-work-76177/,Best noise canceling headphones for work in 2026,9
Best noise cancelling headphones,https://www.crutchfield.com/learn/best-noise-canceling-headphones.html,Best noise-canceling headphones for 2026,10
Best smartphones under $500,https://www.bestbuy.com/site/searchpage.jsp?id=pcat17071&st=phones%20under%20%24500,phones under $500,1
Best smartphones under $500,https://www.theverge.com/21420196/best-budget-smartphone-cheap,The best budget smartphone you can buy,2
Best smartphones under $500,https://www.cnet.com/tech/mobile/best-cheap-phone/,Best Cheap Phone of 2026: These Good Phones Are Still ...,3
Best smartphones under $500,https://www.reddit.com/r/AndroidQuestions/comments/1jiv96b/best_android_phone_to_buy_with_a_budget_of_around/,best android phone to buy with a budget of around $500?,4
Best smartphones under $500,https://www.androidcentral.com/best-cheap-android-phones,these are the best cheap Android phones on the market ...,5
Best smartphones under $500,https://www.bestbuy.com/site/shop/best-cell-phone-under-500,Best Cell Phone Under 500,6
Best smartphones under $500,https://bandicootlab.com/guide/best-phones-under-500,Best Phones Under $500 - Bandicoot Lab,7
Best smartphones under $500,https://www.pcmag.com/picks/the-best-cheap-phones,The Best Cheap Phones We've Tested for 2026,8
Best smartphones under $500,https://www.notebookcheck.net/Ranking-Best-smartphones-for-under-500-dollars-euros.280714.0.html,Ranking: Best smartphones for under 500 dollars/euros,9
How to speed up a slow computer,https://support.microsoft.com/en-us/windows/experience/performance-optimization/tips-to-improve-pc-performance-in-windows,Tips to improve PC performance in Windows,1
How to speed up a slow computer,https://www.reddit.com/r/Windows10/comments/1cb50ls/ways_to_speed_up_performance_on_windows_without/,Ways to speed up performance on windows without buying ...,2
How to speed up a slow computer,https://www.dell.com/support/contents/en-us/article/product-support/self-support-knowledgebase/fix-common-issues/system-performance,Boost Performance and Speed Up Your PC,3
How to speed up a slow computer,https://www.hp.com/us-en/tech-takes/desktops/troubleshooting/how-to-speed-up-a-slow-pc.html,How to Speed Up a Slow PC: Quick Fixes and Long-Term ...,4
How to speed up a slow computer,https://techcommunity.microsoft.com/discussions/windows10space/best-way-to-speed-up-my-windows-10-pc-as-running-very-slow/4482995,Best way to speed up my windows 10 pc as running very ...,5
How to speed up a slow computer,https://campus.collegeforcreativestudies.edu/its/tips-to-speed-up-a-slow-computer/,Tips to Speed Up a Slow Computer,6
Best VPN services 2026,https://www.reddit.com/r/PFSENSE/comments/1rwurlw/best_vpn_services_in_2026/,Best VPN Services in 2026? : r/PFSENSE,1
Best VPN services 2026,https://www.pcmag.com/picks/the-best-vpn-services,The Best VPNs We've Tested (September 2026),2
Best VPN services 2026,https://myvegantravels.com/travel-tips/best-vpns/,The best VPNs I use as a full-time traveller (2026),3
Best VPN services 2026,https://www.passwordmanager.com/best-vpn/,Best VPN Services of 2026 - Password Manager,4
Best VPN services 2026,https://thebestvpn.com/best-vpn-usa/,Best VPN USA 2026: Top 5 Picks Tested & Ranked,5
Best VPN services 2026,https://allaboutcookies.org/best-vpn-services,The Best VPNs of 2026: Independently Tested and Editor- ...,6
Best VPN services 2026,https://www.top10vpn.com/best-vpn/,Top 10 Best VPN Services of 2026 (59 Tested Hands-On),7
Best VPN services 2026,https://www.techradar.com/vpn/best-vpn,The best VPN service 2026,8
How to protect your data from hackers,https://consumer.ftc.gov/articles/protect-your-personal-information-hackers-and-scammers,Protect Your Personal Information From Hackers and ...,1
How to protect your data from hackers,https://www.chubb.com/us-en/individuals-families/resources/6-ways-to-protect-yourself-from-hackers.html,Internet safety: How to protect yourself from hackers,2
How to protect your data from hackers,https://privacy.ca.gov/2025/11/steps-to-better-protect-your-personal-information-from-hackers-breaches-and-other-harms/,Steps to Better Protect Your Personal Info from Hackers ...,3
How to protect your data from hackers,https://www.ag.state.mn.us/consumer/publications/HowtoProtectYourselfAgainstHackers.asp,Internet Safety: How to Protect Yourself Against Hackers,4
How to protect your data from hackers,https://infoprotect.mit.edu/your-personal-data/,What Can I Do to Protect My Personal Information?,5
How to protect your data from hackers,https://blackcloak.io/5-effective-ways-to-protect-yourself-from-being-hacked/,5 Effective Ways to Protect Yourself from Being Hacked,6
How to protect your data from hackers,https://www.youtube.com/watch?v=-3VkUGiSqyw,Security Shorts: 5 Tips to Protect Your Data and Devices,7
Best cloud storage services,https://zapier.com/blog/best-cloud-storage-apps/,The 9 best cloud storage apps in 2026,1
Best cloud storage services,https://www.reddit.com/r/cloudstorage/comments/1b0kfx8/what_cloud_storage_would_you_recommend/,What cloud storage would you recommend? : r/cloudstorage,2
Best cloud storage services,https://www.pcmag.com/picks/the-best-cloud-storage-and-file-sharing-services,The Best Cloud Storage and File-Sharing Services for 2026,3
Best cloud storage services,https://www.experte.com/cloud-storage/free-cloud-storage,Free Cloud Storage in 2026: Up to 20 GB at No Cost,4
Best cloud storage services,https://www.bitcatcha.com/cloud-storage-reviews/,6 Best Cloud Storage Providers 2026,5
Best cloud storage services,https://www.business.com/articles/top-10-cloud-storage-services-for-business/,Top 10 Cloud Storage Services for Business,6
Best cloud storage services,https://www.dropbox.com/features/cloud-storage,Secure cloud storage for all your files,7
Best cloud storage services,https://www.pcworld.com/article/407149/online-cloud-backup-services-carbonite-idrive-backblaze-livedrive.html,Best online backup 2026: Expert reviews and top picks,8
Best cloud storage services,https://www.zdnet.com/article/best-cloud-storage/,The best cloud storage services of 2026: Expert tested,9
Best budget gaming laptops,https://www.reddit.com/r/GamingLaptops/comments/1hftjqo/whats_a_good_gaming_laptop_thats_cheapish/,What's a good gaming laptop that's cheap-ish?,1
Best budget gaming laptops,https://www.bestbuy.com/site/pc-gaming/gaming-laptops/pcmcat287600050003.c?id=pcmcat287600050003,Gaming Laptop for PC Gaming,2
Best budget gaming laptops,https://www.pcmag.com/picks/the-best-cheap-gaming-laptops,The Best Cheap Gaming Laptops We've Tested for 2026,3
Best budget gaming laptops,https://www.tomshardware.com/laptops/gaming-laptops/best-budget-gaming-laptops,Best budget gaming laptops of 2026,4
Best budget gaming laptops,https://www.lenovo.com/us/en/d/gaming-laptops/?srsltid=AfmBOorCkHIVOCv7mCxATTdLP0fJCh82G-NLQ9XamOLvBXZcjEUxcgar,Our Best Gaming Laptops for Every Budget,5
Best budget gaming laptops,https://www.newegg.com/gamer/community/t/best-budget-gaming-laptops-for-gamers-expert-guide-to-choose-the-best-one/6078?srsltid=AfmBOorXwuoXEeoN-OR_y3fsXCO7LKawxFsV7JRS_OUEZPT3ur4h3829,"Best budget gaming laptops for gamers, expert guide to ...",6
Best budget gaming laptops,https://www.reddit.com/r/GamingLaptops/comments/1qpu83i/what_budget_gaming_laptop_is_considered_reliable/,What budget gaming laptop is considered reliable?,7
Best budget gaming laptops,https://www.hp.com/us-en/shop/dlp/budget-gaming-laptop,Budget Gaming Laptop Options,8
Best budget gaming laptops,https://www.youtube.com/watch?v=Vy1qXNQxGAA,Here's What Gaming Laptop I'd Buy at Every Price Range,9
How to invest in index funds,https://investor.vanguard.com/investment-products/index-funds,Index Funds: How to Invest - Vanguard Group,1
How to invest in index funds,https://www.fidelity.com/learning-center/smart-money/what-is-an-index-fund,What is an index fund and how does it work?,2
How to invest in index funds,https://www.nerdwallet.com/investing/learn/how-to-invest-in-index-funds,The Best Index Funds and How to Start Investing,3
How to invest in index funds,https://www.schwab.com/schwab-index-funds-etfs,"Index Funds: A powerful, low-cost way to invest.",4
How to invest in index funds,https://www.reddit.com/r/personalfinance/comments/er1znn/everyone_says_to_invest_in_an_index_fund_but_how/,"Everyone says to invest in an index fund, but how do you ...",5
How to invest in index funds,https://www.navyfederal.org/makingcents/investing/index-funds.html,How to Start Investing in Index Funds: A Beginner's Guide,6
How to invest in index funds,https://www.wealthenhancement.com/blog/how-to-invest-in-index-funds,How to Invest in Index Funds for Beginners,7
How to invest in index funds,https://www.newyorklife.com/articles/what-are-index-funds-and-how-to-invest,What are Index Funds and How to Invest in Them?,8
Best high yield savings accounts,https://www.nerdwallet.com/banking/best/high-yield-online-savings-accounts,Best High-Yield Savings Accounts of September 2026,1
Best high yield savings accounts,https://www.bankrate.com/banking/savings/best-high-yield-interests-savings-accounts/,Best High-Yield Savings Accounts Of September 2026,2
Best high yield savings accounts,https://www.experian.com/blogs/ask-experian/best-high-yield-savings-accounts/,Best High-Yield Savings Accounts of September 2026,3
Best high yield savings accounts,https://www.raisin.com/en-us/savings-accounts/,Best High Yield Saving Account Rates | 4.17% APY* + ...,4
Best high yield savings accounts,https://finance.yahoo.com/personal-finance/banking/best/high-yield-savings-accounts/,Best high-yield savings account rates for September 2026,5
Best high yield savings accounts,https://www.reddit.com/r/personalfinance/comments/1rgpz88/best_high_yield_savings_account/,Best high yield savings account? : r/personalfinance,6
Best high yield savings accounts,https://www.bankofamerica.com/deposits/bank-account-interest-rates/,"Account Rates for Savings, Checking, CDs & IRAs",7
Best high yield savings accounts,https://www.usnews.com/banking/high-yield-savings-accounts,10 Best High-Yield Savings Accounts of September 2026,8
Best high yield savings accounts,https://www.investopedia.com/high-yield-savings-accounts-4770633,Best High-Yield Savings Account Rates for September 2026,9
How to build an emergency fund,https://www.consumerfinance.gov/an-essential-guide-to-building-an-emergency-fund/,An essential guide to building an emergency fund,1
How to build an emergency fund,https://investor.vanguard.com/investor-resources-education/emergency-fund,Guide to Building an Emergency Fund - Vanguard,2
How to build an emergency fund,https://www.moneyhelper.org.uk/en/savings/types-of-savings/emergency-savings-how-much-is-enough,Emergency savings – how much is enough?,3
How to build an emergency fund,https://www.hsbc.co.uk/financial-fitness/growing-your-money/build-emergency-fund/,How To Build A Emergency Fund | Saving For A Rainy Day,4
How to build an emergency fund,https://www.reddit.com/r/personalfinance/comments/1jm8vx7/how_do_you_build_up_an_emergency_fund_im_lost/,How do you build up an emergency fund? I'm lost,5
How to build an emergency fund,https://www.investopedia.com/personal-finance/how-to-build-emergency-fund/,Essential Steps to Building a Strong Emergency Fund,6
How to build an emergency fund,https://www.canada.ca/en/financial-consumer-agency/services/savings-investments/setting-up-emergency-funds.html,Setting up an emergency fund,7
How to build an emergency fund,https://advisor.morganstanley.com/keith.pareti/articles/family/emergency-fund,Six Steps to Creating an Emergency Fund - Keith Pareti,8
How to pay off credit card debt fast,https://www.adcb.com/en/consumer-education-awareness/living-your-life/everyday-financial-wellness/tips-to-pay-off-debt-faster,Living Your Life Tips to pay off debt faster,1
How to pay off credit card debt fast,https://www.reddit.com/r/personalfinance/comments/1iqsb6w/how_do_you_pay_off_credit_card_debt_efficiently/,how do you pay off credit card debt efficiently?,2
How to pay off credit card debt fast,https://www.equifax.com/personal/education/credit-cards/articles/-/learn/how-to-pay-off-credit-card-debt-fast/,How to Pay Off Credit Card Debt Fast,3
How to pay off credit card debt fast,https://www.barclays.co.uk/money-management/how-to-pay-off-your-credit-card-debt/,Tips on how to pay off credit card debt,4
How to pay off credit card debt fast,https://moneysmart.gov.au/credit-cards/pay-off-your-credit-card,Pay off your credit card,5
How to pay off credit card debt fast,https://www.bairdwealth.com/insights/wealth-management-perspectives/2022/08/5-strategies-for-paying-off-credit-card-debt/,5 Strategies for Paying Off Credit Card Debt,6
How to pay off credit card debt fast,https://www.nationwide.com/lc/resources/personal-finance/articles/credit-card-payoff-tips,Tips to Pay Off Credit Card Debt,7
How to pay off credit card debt fast,https://www.usbank.com/credit-cards/credit-card-insider/managing-credit/strategies-to-pay-off-credit-card-debt.html,Strategies to Pay Off Credit Card Debt,8
Best robo-advisors for beginners,https://www.nerdwallet.com/investing/best/robo-advisors,Best Robo-Advisors: Top Picks for for Automated Investing ...,1
Best robo-advisors for beginners,https://www.reddit.com/r/investingforbeginners/comments/1jhfj5b/what_roboadvisor_do_you_recommend_for_a_beginner/,What Robo-Advisor do you recommend for a beginner in ...,2
Best robo-advisors for beginners,https://www.wsj.com/buyside/personal-finance/financial-advisors/how-to-choose-the-best-robo-advisors,Best Robo Advisors of 2026,3
Best robo-advisors for beginners,https://www.unbiased.com/discover/financial-advice/best-robo-advisors,Best Robo-Advisors in the US (2026),4
Best robo-advisors for beginners,https://www.investopedia.com/the-best-robo-advisors-8764849,Best Robo-Advisors for September 2026,5
Best robo-advisors for beginners,https://www.forbes.com/advisor/investing/best-robo-advisors/,The Best Robo-Advisors Of 2026,6
Best robo-advisors for beginners,https://www.cnbc.com/select/best-robo-advisors/,The best robo-advisors of September 2026,7
Best robo-advisors for beginners,https://www.kiplinger.com/investing/how-to-pick-the-best-robo-advisor-for-you,How to Pick the Best Robo Adviser For You,8
How to start a Roth IRA,https://www.fidelity.com/retirement/roth-ira,Grow your retirement savings tax-free with a Roth IRA,1
How to start a Roth IRA,https://investor.vanguard.com/accounts-plans/iras/roth-ira,Roth IRA: What it is and How to Open an Account - Vanguard,2
How to start a Roth IRA,https://www.irs.gov/retirement-plans/roth-iras,Roth IRAs | Internal Revenue Service,3
How to start a Roth IRA,https://www.tiaa.org/public/retire/financial-products/iras/roth-ira,What is a Roth IRA,4
How to start a Roth IRA,https://www.reddit.com/r/personalfinance/comments/1j6lljw/how_should_i_go_about_setting_up_a_roth_ira/,How should I go about setting up a Roth IRA?,5
How to start a Roth IRA,https://www.northwesternmutual.com/life-and-money/how-to-start-a-roth-ira/,How to Start a Roth IRA,6
Best budgeting methods for beginners,https://srfs.upenn.edu/financial-wellness/browse-topics/budgeting/popular-budgeting-strategies,Popular Budgeting Strategies,1
Best budgeting methods for beginners,https://www.usbank.com/financial-education/save/budgeting-strategies.html,Budgeting strategies to try,2
Best budgeting methods for beginners,https://consumer.gov/your-money/making-budget,Making a Budget,3
Best budgeting methods for beginners,https://www.golden1.com/blog/a-guide-to-budgeting-for-beginners-and-young-adults,A Guide to Budgeting for Beginners and Young Adults,4
Best budgeting methods for beginners,https://www.lakecitybank.com/budgeting-methods/,Practical Budgeting Methods that Actually Work,5
Best budgeting methods for beginners,https://www.reddit.com/r/personalfinance/comments/1lcwbjr/how_to_start_budgeting_when_you_have_no_idea/,How to start budgeting when you have no idea where ...,6
Best budgeting methods for beginners,https://alltrucu.org/blog/best-budgeting-methods/,4 of The Best Budgeting Methods,7
Best budgeting methods for beginners,https://www.fidelitybankonline.com/effective-budgeting-101-a-beginners-guide/,Effective Budgeting 101: A Beginner's Guide - Fidelity Bank,8
Best budgeting methods for beginners,https://www.experian.com/blogs/ask-experian/types-of-budget-plans/,6 Types of Budget Plans to Help You Manage Money,9
How does compound interest work,https://www.investor.gov/additional-resources/information/youth/teachers-classroom-resources/what-compound-interest,What is compound interest?,1
How does compound interest work,https://www.td.com/ca/en/personal-banking/advice/growing-money/what-is-compound-interest-and-how-does-it-work,What is compound interest? | TD Canada Trust,2
How does compound interest work,https://www.securian.com/insights-tools/articles/how-compound-interest-works.html,How Does Compound Interest Work?,3
How does compound interest work,https://www.reddit.com/r/UKPersonalFinance/comments/1lz1khi/in_basic_terms_how_does_compound_interest_work/,In basic terms how does compound interest work?,4
How does compound interest work,https://www.wealthsimple.com/en-ca/learn/what-is-compound-interest,What is compound interest? How it works,5
How does compound interest work,https://www.consumerfinance.gov/ask-cfpb/how-does-compound-interest-work-en-1683/,How does compound interest work?,6
How does compound interest work,https://www.barclays.co.uk/smart-investor/new-to-investing/staying-invested/how-compounding-can-turbocharge-your-investment-returns/,The power of compounding explained,7
How does compound interest work,https://www.fidelity.com/learning-center/trading-investing/compound-interest,What is compound interest?,8
Best ways to save for retirement in your 30s,https://www.securian.com/insights-tools/articles/retirement-prep-20s-30s.html,Preparing for Retirement in Your 20s and 30s,1
Best ways to save for retirement in your 30s,https://www.fidelity.com/learning-center/smart-money/retirement-savings-in-your-20s-and-30s,8 moves to help snowball retirement savings,2
Best ways to save for retirement in your 30s,https://www.reddit.com/r/personalfinance/comments/1q88c0h/starting_retirement_saving_at_30/,Starting retirement saving at 30 : r/personalfinance,3
Best ways to save for retirement in your 30s,https://www.dol.gov/agencies/ebsa/about-ebsa/our-activities/resource-center/publications/top-10-ways-to-prepare-for-retirement,Top 10 Ways to Prepare for Retirement,4
Best ways to save for retirement in your 30s,https://blog.massmutual.com/retiring-investing/retirement-savings-in-your-thirties,Retirement savings in your 30s: How much should you have?,5
Best ways to save for retirement in your 30s,https://www.hancockwhitney.com/insights/how-to-plan-for-retirement-in-your-30s-a-smart-start-toward-long-term-wealth,How to Plan for Retirement in Your 30s: A Smart Start ...,6
Best ways to save for retirement in your 30s,https://www.guardianlife.com/retirement-savings-essentials-in-your-30s,Building a foundation for retirement in your 30s,7
Best ways to save for retirement in your 30s,https://www.schwab.com/learn/story/retirement-planning-by-decade-savings-guide,Retirement Planning by the Decade: A Savings Guide,8
How to improve credit score fast,https://www.experian.com/credit/score-boost/,Experian Boost - Improve Your Credit Scores for Free,1
How to improve credit score fast,https://www.broadviewfcu.com/blogs/10-things-you-can-do-to-improve-your-credit-score/,10 Things You Can Do To Improve Your Credit Score,2
How to improve credit score fast,https://www.experian.com/blogs/ask-experian/credit-education/improving-credit/improve-credit-score/,How to Improve Your Credit Score Fast,3
How to improve credit score fast,https://www.aba.com/advocacy/community-programs/consumer-resources/calculators/improving-your-credit-score,7 Tips for Improving Your Credit Score,4
How to improve credit score fast,https://www.hancockwhitney.com/insights/7-steps-improve-credit-score,7 Steps to Improve Your Credit Score,5
How to improve credit score fast,https://www.axosbank.com/personal/insights/credit/building-credit/how-to-improve-credit-score-fast,How to Improve Credit Score Fast | Lower Credit Utilization,6
How to improve credit score fast,https://www.consumerfinance.gov/ask-cfpb/how-do-i-get-and-keep-a-good-credit-score-en-318/,How do I get and keep a good credit score?,7
How to improve credit score fast,https://www.reddit.com/r/CRedit/comments/1ibg6dt/what_are_some_hacks_to_helping_increase_credit/,What are some hacks to helping increase credit score ...,8
How to improve credit score fast,https://www.usa.gov/credit-score,"Understand, get, and improve your credit score",9
Best time to visit Japan,https://www.reddit.com/r/JapanTravelTips/comments/1guuepm/best_time_to_visit_advice_japan_by_month/,Best Time to Visit Advice: Japan by Month : r/JapanTravelTips,1
Best time to visit Japan,https://www.cntraveler.com/story/best-time-to-visit-japan,The Best Time to Visit Japan,2
Best time to visit Japan,https://en.japantravel.com/blog/best-time-to-visit-japan/72418,"Best Time to Visit Japan: Seasons, Months, Weather & Events",3
Best time to visit Japan,https://www.enchantingtravels.com/destinations/asia/japan/best-time-to-visit-japan/,Best Time to Visit Japan | Monthly Climate Guide by Experts,4
Best time to visit Japan,https://www.audleytravel.com/us/japan/best-time-to-visit,Best Time to Visit Japan | Climate Guide,5
Best time to visit Japan,https://www.responsiblevacation.com/vacations/japan/travel-guide/best-time-to-visit-japan,Best time to visit Japan - Responsible Travel,6
Cheapest way to travel across Europe,https://www.reddit.com/r/TravelHacks/comments/197mlfr/bestcheapest_way_to_travel_within_europe/,Best/cheapest way to travel within Europe? : r/TravelHacks,1
Cheapest way to travel across Europe,https://happytowander.com/cheapest-way-to-travel-europe/,The 6 Cheapest Ways to Travel Europe in 2026 (Must Read!),2
Cheapest way to travel across Europe,https://www.worldpackers.com/articles/cheapest-way-to-get-to-europe,Tips and tricks on the cheapest way to get to Europe ...,3
Cheapest way to travel across Europe,https://www.adventurouskate.com/ask-kate-whats-the-best-way-to-travel-around-europe/,What's the Best Way to Travel Around Europe?,4
Cheapest way to travel across Europe,https://shaleewanders.com/europe-on-a-budget/,How to Travel Europe on a Budget (25 Countries for Under ...,5
Cheapest way to travel across Europe,https://www.workaway.info/en/stories/budget-travel-europe-top-tips,Top Tips on How to Travel Europe on a Budget,6
Cheapest way to travel across Europe,https://www.ricksteves.com/watch-read-listen/read/articles/affordable-europe,Affordable Europe by Rick Steves,7
Best travel credit cards for beginners,https://www.reddit.com/r/CreditCards/comments/19buv7o/whats_the_best_travel_card_for_a_beginner_traveler/,What's the best travel card for a beginner traveler? 🛩️,1
Best travel credit cards for beginners,https://www.bankfab.com/en-ae/personal/credit-cards/fab-travel-credit-card,FAB Travel Credit Card: Enjoy Unmatched Benefits,2
Best travel credit cards for beginners,https://kredit.ae/credit-cards/travel,"Best Travel Credit Cards UAE 2026 — Miles, Lounges & FX",3
Best travel credit cards for beginners,https://creditcards.chase.com/travel-credit-cards,Compare Travel Credit Cards | Chase,4
Best travel credit cards for beginners,https://www.nerdwallet.com/travel/learn/best-miles-credit-card-for-beginners,"3 Best Travel Credit Cards for Beginners, Plus Alternatives",5
Best travel credit cards for beginners,https://www.instagram.com/reel/DZf25cjsKuR/?hl=ar,These are the best travel credit cards especially for beginners ...,6
Best travel credit cards for beginners,https://www.emiratesnbd.com/en/knowledge-hub/top-emirates-nbd-travel-credit-cards-uae,Top Emirates NBD Travel Credit Cards for UAE Travellers,7
Best travel credit cards for beginners,https://www.bankrate.com/credit-cards/travel/best-travel-cards/,Best Travel Credit Cards of September 2026,8
Best travel credit cards for beginners,https://www.camelsandchocolate.com/best-travel-credit-cards/,Best Travel Credit Cards for Points & Miles (updated March ...,9
How to pack light for a two week trip,https://www.the5kilotraveller.com/blog/post/100995/how-to-pack-a-light-carry-on-backpack-for-2-weeks-or-2-months/,How to Pack a Light Carry-On Backpack for 2 Weeks or 2 ...,1
How to pack light for a two week trip,https://www.reddit.com/r/travel/comments/1feg1gh/how_do_you_pack_light_for_a_two_week_trip_if/,How do you pack light for a two week trip if you're a clean ...,2
How to pack light for a two week trip,https://www.ricksteves.com/travel-tips/packing-light/packing-smart,Packing Smart and Traveling Light,3
How to pack light for a two week trip,https://stunningstyle.com/style-secrets/2018-6-8-the-easiest-way-to-pack-for-2-weeks-in-a-carryon,The Easiest Way To Pack For 2 Weeks In A Carry-On,4
How to pack light for a two week trip,https://www.rei.com/learn/expert-advice/traveling-light.html,How to Pack Light for Traveling | REI Expert Advice,5
How to pack light for a two week trip,https://www.abroadwithash.com/travelling-light-carry-on-for-a-2-week-trip/,How to Pack for 2 Weeks in a Carry On | 11 Tips ...,6
How to pack light for a two week trip,https://www.realfoodtraveler.com/luggage-packing-tips-for-two-or-more-weeks/,Luggage Packing Tips for Two or More Weeks,7
Best all-inclusive resorts for families,https://www.marriott.com/en-us/all-inclusive-resorts/family-friendly,Family Friendly All Inclusive Resorts - Marriott Bonvoy,1
Best all-inclusive resorts for families,https://mommygearest.com/all-inclusive-family-resorts-best-resorts-for-kids/,All-inclusive family resorts: best resorts for kids,2
Best all-inclusive resorts for families,https://www.clubmed.us/l/all-inclusive-resorts-for-families,Best all-inclusive family vacation resort,3
Best all-inclusive resorts for families,"https://www.tripadvisor.com/HotelCategory-zft6216,9172,9672-All_Inclusive_Family_Resorts.html",Best All-Inclusive Family Resorts and Destinations 2026,4
Best all-inclusive resorts for families,https://tinytravelship.com/the-best-european-all-inclusive-resorts-for-families/,The best European all inclusive resorts for families,5
Best all-inclusive resorts for families,https://www.fivestaralliance.com/best/hotels/2335/the-world%27s-best-family-friendly-all-inclusive-resorts,The World's Best Family-Friendly All-Inclusive Resorts,6
Best all-inclusive resorts for families,https://www.jetbluevacations.com/trip-ideas/family-all-inclusive,All-Inclusive Family Resorts & Vacation Packages,7
Best all-inclusive resorts for families,https://thetravelmum.com/best-all-inclusive-family-resorts/,Best All Inclusive Family Resorts | Europe,8
How to find cheap flights,https://www.skyscanner.com/,Skyscanner: Compare Cheap Flights & Book Airline Tickets ...,1
How to find cheap flights,https://www.reddit.com/r/usatravel/comments/1qv3z81/how_do_you_find_the_cheapest_flights_possible/,How do you find the cheapest flights possible? : r/usatravel,2
How to find cheap flights,https://www.google.com/travel/flights?gl=US&hl=en-US,Find Cheap Flights Worldwide & Book Your Ticket,3
How to find cheap flights,https://www.kayak.com/flights,"Cheap Flights, Airline Tickets & Airfare Deals",4
How to find cheap flights,https://www.momondo.com/,Cheap Flights - Search and Compare Flights | momondo,5
How to find cheap flights,https://www.expedia.com/Flights,"Cheap Flights, Plane Tickets & Airline Deals",6
How to find cheap flights,https://thriftynomads.com/booking-cheapest-flight-possible-anywhere/,How to Book the Cheapest Flight Possible to Anywhere,7
How to find cheap flights,https://www.cheapflights.com/,Find Deals on Flights at Cheapflights.com,8
Best travel insurance for international trips,https://www.insuremytrip.com/,Travel Insurance Quotes - Compare & Buy Trip Insurance,1
Best travel insurance for international trips,https://www.squaremouth.com/,"Travel Insurance - Compare Companies, Quotes & Buy Online",2
Best travel insurance for international trips,https://www.reddit.com/r/travel/comments/1ocxds4/best_travel_insurance_for_international_trip/,Best travel insurance for international trip.,3
Best travel insurance for international trips,https://www.ricksteves.com/travel-tips/trip-planning/travel-insurance,Do I Need Travel Insurance?,4
Best travel insurance for international trips,https://www.allianztravelinsurance.com/,Travel Insurance - Affordable Plans Starting at $27 | Allianz ...,5
Best travel insurance for international trips,https://www.usnews.com/insurance/travel/international-travel-insurance,4 Best International Travel Insurance Companies of 2026,6
Best travel insurance for international trips,https://travel.state.gov/en/international-travel/planning/guidance/insurance.html,Travel Insurance - State Department,7
Best travel insurance for international trips,https://www.travelguard.com/,Travel Guard: Travel Insurance Plans | International & Domestic,8
Best travel insurance for international trips,https://www.forbes.com/advisor/travel-insurance/best-travel-insurance/,UPDATED: Best Travel Insurance Companies of 2026,9
Things to do in New York City for first-time visitors,https://theworldtravelguy.com/nyc-things-to-do/,15 Fun Things To Do In NYC For First-Timers,1
Things to do in New York City for first-time visitors,https://capturencrave.com/new-york-a-city-guide/,New York Travel Guide: Must Sees and Hidden Gems,2
Things to do in New York City for first-time visitors,https://www.reddit.com/r/AskNYC/comments/1dhptxw/whats_the_best_things_to_do_first_time_in_new/,What's the best things to do first time in New York City,3
Things to do in New York City for first-time visitors,https://letterstobarbara.com/new-york-city-guide-for-first-time-visitors/,The Essential New York City Guide for First-time Visitors,4
Things to do in New York City for first-time visitors,https://www.thetravelingginger.com/traveling-ginger-blog/things-to-do-in-new-york-city,40 THINGS YOU SHOULD DO AND SEE IN NEW YORK ...,5
Things to do in New York City for first-time visitors,https://www.girlxdeparture.com/things-to-do-in-new-york/,New York City For First Time Visitors: 15 Things To Do,6
Things to do in New York City for first-time visitors,https://www.tripadvisor.com/Attractions-g60763-Activities-New_York_City_New_York.html,Top 30 Things to Do in New York City,7
Things to do in New York City for first-time visitors,https://www.esbnyc.com/blog/first-time-new-york-city-travel-tips-dos-donts-your-first-nyc-trip,First-Time NYC Travel Tips: Dos & Don'ts for Your First Trip,8
Best apps for planning a road trip,https://apps.apple.com/us/app/roadtrippers-trip-planner/id944060491,Roadtrippers - Trip Planner - App Store - Apple,1
Best apps for planning a road trip,https://www.reddit.com/r/roadtrip/comments/zzxjl1/any_good_apps_for_a_road_trip/,Any good apps for a road trip? : r/roadtrip,2
Best apps for planning a road trip,https://carolinerosetravel.com/12-best-apps-for-a-usa-road-trip/,12 Best Apps for a USA Road Trip,3
Best apps for planning a road trip,https://wanderlog.com/,Wanderlog travel planner: free vacation planner and itinerary ...,4
Best apps for planning a road trip,https://www.facebook.com/groups/travelmaine/posts/745948710794122/,What are some good road trip apps for mapping and ...,5
Best apps for planning a road trip,https://www.directiveadventure.com/blog/apps-that-make-trip-planning-successful,Essential apps for successful trip planning and itineraries,6
Best apps for planning a road trip,https://trizzletravels.com/best-road-trip-apps/,Best 15 Free Apps for Road Trips - Trizzle Travels,7
Best apps for planning a road trip,https://play.google.com/store/apps/details?id=com.wanderlog.android&hl=en_US,Wanderlog - Trip Planner App,8
Best apps for planning a road trip,https://www.suewherewhywhat.com/trip-planning-websites/,The Best 24 Trip Planning Websites & Apps,9
How to avoid jet lag on long flights,https://www.reddit.com/r/travel/comments/1cqmgsc/best_tips_for_jetlag_avoidance/,Best tips for jetlag avoidance? : r/travel,1
How to avoid jet lag on long flights,https://wwwnc.cdc.gov/travel/page/jet-lag,Jet Lag | Travelers' Health,2
How to avoid jet lag on long flights,https://www.ricksteves.com/travel-tips/health/jet-lag,Conquering Jet Lag,3
How to avoid jet lag on long flights,https://www.betterhealth.vic.gov.au/health/healthyliving/jet-lag,Jet lag,4
How to avoid jet lag on long flights,https://www.healthpartners.com/blog/9-tips-to-reduce-the-feeling-of-jet-lag/,Travel Better: 9 ways to minimize jet leg,5
How to avoid jet lag on long flights,https://pmc.ncbi.nlm.nih.gov/articles/PMC2829880/,How To Travel the World Without Jet lag - PMC,6
How to avoid jet lag on long flights,https://piningforrome.com/how-to-prevent-jet-lag,How I Prevent Jet Lag - Pining for Rome,7
How to avoid jet lag on long flights,https://www.youtube.com/watch?v=3JBtuq7MApY,A Simple Way To Beat Jet Lag When Traveling | Dr. Satchin ...,8
Easy dinner recipes for beginners,https://www.delish.com/cooking/recipe-ideas/g69290004/lazy-dinner-recipes/,20 Lazy Dinners For When You Simply Cannot Be Bothered,1
Easy dinner recipes for beginners,https://www.halfbakedharvest.com/40-easy-dinner-recipes-for-busy-weeknights/,40 Easy Dinner Recipes for Busy Weeknights.,2
Easy dinner recipes for beginners,https://www.redgoldtomatoes.com/redgoldtomatoes/post/46-easy-dinner-recipes-for-beginners-that-anyone-can-make/,46 Easy Dinner Recipes for Beginners: Simple Meals,3
Easy dinner recipes for beginners,https://www.seriouseats.com/30-minute-dinners-11984477,10 Lazy Dinner Recipes That Come Together in 30 ...,4
Easy dinner recipes for beginners,https://www.allrecipes.com/5-ingredient-dinner-recipes-11841860,22 Easy Dinner Recipes to Make With 5 Ingredients (Or ...,5
Easy dinner recipes for beginners,https://www.onegirlonekitchen.com/,One Girl. One Kitchen.,6
Easy dinner recipes for beginners,https://simplehomeedit.com/category/quick-easy/,20-Minute Dinner Recipes That Deliver,7
Easy dinner recipes for beginners,https://www.reddit.com/r/Cooking/comments/116dd2t/what_are_some_of_your_favorite_easy_dinners/,What are some of your favorite easy dinners? : r/Cooking,8
How to meal prep for the week,https://www.reddit.com/r/MealPrepSunday/comments/1hbh039/people_who_meal_prep_for_an_entire_week_or_month/,"People who meal prep for an entire week or month, how do ...",1
How to meal prep for the week,https://nutritionsource.hsph.harvard.edu/meal-prep/,Meal Prep Guide - The Nutrition Source,2
How to meal prep for the week,https://www.loveandlemons.com/healthy-meal-prep-ideas/,60 Healthy Meal Prep Ideas,3
How to meal prep for the week,https://www.tasteofhome.com/collection/meal-prep-recipes-week-ahead/,49 Meal Prep Recipes for the Week Ahead,4
How to meal prep for the week,https://www.thenourishedpath.com/blog/how-to-meal-prep-for-the-week,How to Meal Prep for the Week - The Easy Way!,5
How to meal prep for the week,https://www.weightwatchers.com/us/blog/meal-prep?srsltid=AfmBOoreVETi_pAhDkNlXmY70IW_PysvNg0Ea6zUS9kOIpW1RJqlIEJq,Meal Prep Ideas for Beginners: The Ultimate Guide,6
How to meal prep for the week,https://www.themealprepmamacita.com/,The Mealprep Mamacita,7
How to meal prep for the week,https://www.bonappetit.com/gallery/meal-prep-tips?srsltid=AfmBOoqPsoxY-qi4G8bht25Awr46J-ZNw0SAR8w5rZvI-CywCY6roriQ,Meal-Prep Tips to Get You Sorta Ready for the Week Ahead,8
Best air fryer recipes,https://www.delish.com/cooking/g4711/air-fryer-recipes/,100+ Recipes You Can Make In Your Air Fryer,1
Best air fryer recipes,https://www.bbcgoodfood.com/recipes/collection/air-fryer-recipes,103 Air-Fryer Recipes,2
Best air fryer recipes,https://www.skinnytaste.com/recipes/air-fryer/,Air Fryer Recipes | Best Easy Recipes for Beginners,3
Best air fryer recipes,https://www.bbc.co.uk/food/collections/air_fryer_recipes,Air fryer recipes - BBC Food,4
Best air fryer recipes,https://www.wholesomeyum.com/prep/air-fryer/?srsltid=AfmBOopBYb1kDuFbn5qjXFAJrYBVdNoihCZXRJT28hr1OTfMWPHXMCdt,The Best Healthy Air Fryer Recipes,5
Best air fryer recipes,https://triedtestedandtrue.com/air-fryer/,"Best Air Fryer Meals, Sides, and Recipes",6
Best air fryer recipes,https://airfried.com/,AirFried.com | Easy Air Fryer Recipes,7
Best air fryer recipes,https://www.businessinsider.com/best-meals-to-make-in-air-fryer-chef,Chef Shares the Best Meals to Make in an Air Fryer,8
How to make sourdough bread at home,https://www.theclevercarrot.com/2014/01/sourdough-bread-a-beginners-guide/,Sourdough Bread: A Beginner's Guide,1
How to make sourdough bread at home,https://alexandracooks.com/2017/10/24/artisan-sourdough-made-simple-sourdough-bread-demystified-a-beginners-guide-to-sourdough-baking/,"Homemade Sourdough Bread, Step by Step",2
How to make sourdough bread at home,https://www.thekitchn.com/how-to-make-sourdough-bread-224367,How to Make Sourdough Bread (Easy Recipe),3
How to make sourdough bread at home,https://www.theperfectloaf.com/,The Perfect Loaf | Bake Sourdough Bread,4
How to make sourdough bread at home,https://foodbodsourdough.com/the-process/,MY FULL MASTER RECIPE PROCESS - Foodbod Sourdough,5
How to make sourdough bread at home,https://sugarspunrun.com/sourdough-bread-recipe/,Sourdough Bread Recipe,6
How to make sourdough bread at home,https://www.allrecipes.com/article/how-to-make-sourdough-bread/,Beginner's Guide to Making Sourdough Bread,7
Healthy breakfast ideas for weight loss,https://www.nhs.uk/healthier-families/recipes/breakfast/,Healthy breakfast ideas - Healthier Families,1
Healthy breakfast ideas for weight loss,https://www.health.com/breakfasts-for-weight-loss-8655859,15 Healthy Breakfasts for Weight Loss To Try,2
Healthy breakfast ideas for weight loss,https://www.healthline.com/nutrition/weight-loss-breakfast-foods,14 Healthy Breakfast Foods That May Help with Weight Loss,3
Healthy breakfast ideas for weight loss,https://www.health.harvard.edu/diet-and-nutrition/healthy-breakfast-ideas-to-support-energy-and-metabolism,Healthy breakfast ideas to support energy and metabolism,4
Healthy breakfast ideas for weight loss,https://www.eatingwell.com/20-minute-weight-loss-breakfast-recipes-11995998,20 20-Minute Breakfast Recipes for Weight Loss,5
Healthy breakfast ideas for weight loss,https://thecookingfoodie.com/recipe/healthy-breakfast-recipes-for-weight-loss/,25 Healthy Breakfast Recipes for Weight Loss That Keep ...,6
Healthy breakfast ideas for weight loss,https://greensandproteins.com/blog/high-protein-breakfast-ideas-for-weight-loss,High-Protein Breakfast Ideas For Weight Loss: Best Options,7
Healthy breakfast ideas for weight loss,https://www.youtube.com/watch?v=ux_JEJe9_nU&vl=ar,4 Steamed High Protein Weight Loss Breakfast Recipes ...,8
Best knife set for home cooks,https://www.bonappetit.com/story/best-knife-sets?srsltid=AfmBOoojoRNUKnNBXGyScxdgEQFMqsIHD6xr0CdfGhTL_sYz6kmMwTha,The Best Knife Set After Years of Testing Knives,1
Best knife set for home cooks,https://www.reddit.com/r/BuyItForLife/comments/1lcka5c/the_best_knife_set_right_now_recommendation/,The Best Knife Set Right now? Recommendation?,2
Best knife set for home cooks,https://www.seriouseats.com/best-knife-set-7110371,"The 5 Best Knife Sets, Tested & Reviewed",3
Best knife set for home cooks,https://wusthof.com/collections/knife-sets,"Knife Sets: Forged, Chef, Carving & Steak Knife Blocks - Wusthof",4
Best knife set for home cooks,https://www.nothingbutknives.com/best-high-end-kitchen-knife-sets/,Best High-End Knife Sets For Professional Or ...,5
Best knife set for home cooks,https://www.kitchenknifeguru.com/best-chef-knife-sets/,Best Chef Knife Sets,6
Best knife set for home cooks,https://www.amazon.com/Best-Sellers-Block-Knife-Sets/zgbs/kitchen/409670,Best Block Knife Sets,7
Best knife set for home cooks,https://shopping.yahoo.com/home-garden/kitchen/article/best-knife-sets-155249639.html,"The best knife sets for 2026, tested and reviewed",8
Best knife set for home cooks,https://www.allrecipes.com/longform/best-knife-sets/,"The Best Knife Sets of 2026, Tested By Allrecipes",9
Best knife set for home cooks,https://www.foodandwine.com/lifestyle/kitchen/best-knife-block-set,"The 8 Best Knife Sets, According to Our Tests",10
How long to grill chicken breast,https://www.weber.com/US/en/blog/tips-techniques/grilling-basics-grilled-chicken-breasts/weber-30334.html,How Long to Cook A Chicken Breast on a Gas Grill,1
How long to grill chicken breast,https://www.reddit.com/r/grilling/comments/193c957/what_is_the_best_way_to_grill_a_chicken_breast/,What is the best way to grill a chicken breast?,2
How long to grill chicken breast,https://www.springermountainfarms.com/the-flock/grilled-chicken-time-temperature-chart-perfect-every-time/,Grilled Chicken Time & Temperature Chart (Perfect Every ...,3
How long to grill chicken breast,https://www.chilesandsmoke.com/grilled-chicken-breast/,Grilled Chicken Breast (Foolproof Method),4
How long to grill chicken breast,https://cooking.nytimes.com/article/4-ways-to-grill-chicken-breasts-juicy,The Juiciest Grilled Chicken Starts With These 4 Tips,5
How long to grill chicken breast,https://www.delish.com/cooking/recipe-ideas/a53483/best-grilled-chicken-breast-recipe/,Best Grilled Chicken Breast Recipe,6
How long to grill chicken breast,https://www.perduefarms.com/en-US/chicken-grilling-guide.html?srsltid=AfmBOop7mZk3BXYQL93OK0l1ZPyVQOPgXV8ldCRjMXXoERagaGdvB8Y3,Grilling Chicken on a Gas Grill,7
Best substitutes for eggs in baking,https://allergysuperheroesblog.com/2017/05/the-ultimate-egg-substitute-comparison/,The Ultimate Egg Substitute Comparison!,1
Best substitutes for eggs in baking,https://www.reddit.com/r/VeganBaking/comments/1i0710a/what_is_the_best_substitute_for_eggs/,What is the best substitute for eggs? : r/VeganBaking,2
Best substitutes for eggs in baking,https://www.thekitchn.com/best-egg-substitutes-baking-23003895,8 Best Egg Substitutes for Baking (Tested & Reviewed),3
Best substitutes for eggs in baking,https://urbanblisslife.com/best-egg-substitutes-for-baking-and-cooking/,Best Egg Substitutes for Baking and Cooking,4
Best substitutes for eggs in baking,https://www.epicurious.com/expert-advice/best-egg-replacement-for-vegan-baking-article,We Found the Best Egg Substitute for Baking,5
Best substitutes for eggs in baking,https://www.duncanhines.com/baking-inspiration/no-eggs-15-egg-selent-substitutes-your-favorite-baking-recipes,15 Best Egg Substitutes for Baking,6
Best substitutes for eggs in baking,https://fedandfit.com/egg-substitute-for-baking/,Ulimate Guide For The Best Egg Substitutes For Baking,7
Best substitutes for eggs in baking,https://engagement.source.colostate.edu/7-affordable-egg-substitutes-for-baking/,Dietitian dishes on 7 cheap egg substitutes for baking,8
How to cook rice perfectly every time,https://www.recipetineats.com/how-to-cook-rice/,How to cook white rice - easily and perfectly,1
How to cook rice perfectly every time,https://www.reddit.com/r/Cooking/comments/x5l631/how_to_cook_rice/,How to cook rice? : r/Cooking,2
How to cook rice perfectly every time,https://www.youtube.com/watch?v=Xx7sxWI9FNI,How To Cook Perfect Rice Every Time,3
How to cook rice perfectly every time,https://www.facebook.com/gordonramsay/videos/how-to-cook-the-perfect-rice-gordon-ramsay/1032140901537773/,How To Cook The Perfect Rice | Gordon Ramsay,4
How to cook rice perfectly every time,https://www.all-clad.com/blog/post/How-to-Cook-Perfect-Rice-on-the-Stove?srsltid=AfmBOop1-chtKJvP_EUdG8nhnlGyCQzbMWHJCVoMK_1Y8iGtRHM8I1Ck,How to Cook Perfect Rice Stove Top Tips,5
How to cook rice perfectly every time,https://www.foodnetwork.com/how-to/articles/how-to-make-perfect-rice-a-step-by-step-guide,How to Cook Rice: A Step-by-Step Guide,6
How to cook rice perfectly every time,https://natashaskitchen.com/how-to-cook-rice/,How to Cook Rice on the Stove – Perfect Every Time,7
Best meal delivery kits 2026,https://www.bonappetit.com/story/best-meal-delivery-services?srsltid=AfmBOooSZpp0m9o_ND6KZRkz7egWUsoB6GJJgAiVzW-T1XPMfmkdzCW6,2026's Best Meal Delivery Services That Are Worth Your ...,1
Best meal delivery kits 2026,https://www.seriouseats.com/best-meal-delivery-services-8734261,"The 4 Best Meal Delivery Services of 2026, Tested & ...",2
Best meal delivery kits 2026,https://www.wired.com/gallery/best-meal-kit-services-1/,The Best Meal Delivery Services and Meal Kits of 2026,3
Best meal delivery kits 2026,https://www.blueapron.com/?srsltid=AfmBOop4DVRthfetuYJThCwoKR-RZxsUpcC_tlyWj5gcma62xJym9cWu,"Blue Apron | Meal Kits, Oven-Ready & Ready-to-Eat Meals ...",4
Best meal delivery kits 2026,https://www.reddit.com/r/ReadyMeals/comments/1qcjlye/best_quality_ready_meals_in_2026/,Best quality ready meals in 2026? : r/ReadyMeals,5
Best meal delivery kits 2026,https://www.homechef.com/?srsltid=AfmBOooPG5QEYfjXrWWTPvERkVgbMfyhJH_YO-Jd4bJSlgnB4vNjP1w1,Home Chef: Meal Delivery Service - Fresh Weekly Meal Kit ...,6
Best meal delivery kits 2026,https://www.foodnetwork.com/how-to/packages/shopping/product-reviews/best-healthy-meal-delivery-services,5 Best Healthy Meal Kit Delivery Services 2026 Reviewed,7
Best meal delivery kits 2026,https://www.cnet.com/health/nutrition/best-meal-kit-delivery-service/,The Best Meal Kit Delivery Services Out of More Than 30 ...,8
Best meal delivery kits 2026,https://www.deliveryrank.com/blog/best-meal-delivery-services,8 Best Meal Delivery Services 2026: Expert Ranked,9
How to unclog a drain naturally,https://www.reddit.com/r/LifeProTips/comments/1c314u/lpt_unclog_your_drain_the_natural_and_cheap_way/,"LPT: Unclog your drain, the natural and cheap way",1
How to unclog a drain naturally,https://www.liquidplumr.com/diy-plumbing-tips/how-baking-soda-and-vinegar-cleans-drains/,How to Clean Drains with Baking Soda and Vinegar,2
How to unclog a drain naturally,https://www.atcoenergy.com/blog/ways-to-unclog-a-drain-without-a-plumber,9 ways to unclog a drain without a plumber,3
How to unclog a drain naturally,https://www.assuredcomfort.com/blog/2021/december/6-natural-homemade-drain-cleaners-that-actually-/,6 Natural Homemade Drain Cleaners That Actually Work,4
How to unclog a drain naturally,https://www.homesandgardens.com/solved/cleared-blocked-bathroom-drain-in-minutes-with-kitchen-items,3 Kitchen Ingredients Cleared My Blocked Drain in Minutes,5
How to unclog a drain naturally,https://www.youtube.com/watch?v=s6ShAopUJ-M,How to Unclog a Drain | How To Anything,6
How to unclog a drain naturally,https://www.kaercher.com/int/home-garden/know-how/cleaning-drains-without-chemicals.html,Cleaning drains without chemicals,7
How to unclog a drain naturally,https://davidsuzuki.org/living-green/how-to-unclog-a-drain/,How to unclog a drain without harsh chemicals,8
Best paint colors for small rooms,https://eye-swoon.com/blogs/design/best-paint-color-for-small-rooms?srsltid=AfmBOor9LOsJQzILCrzLoCVbNRoxi0o-VcQmARrL2GSbsezHQJbxyZRC,"The Best Paint Color for Small Rooms, According to Interior ...",1
Best paint colors for small rooms,https://southernhomeandhospitality.com/best-paint-colors-small-room-feel-bigger/,Best Paint Colors to Make a Small Room Feel Bigger,2
Best paint colors for small rooms,https://www.benjaminmoore.com/en-us/project-ideas-inspiration/interiors/small-rooms-spaces-paint-colors,10 Inspiring Paint Colors for Small Rooms,3
Best paint colors for small rooms,https://michaelhelwiginteriors.com/2017-blog/2026/3/26/spring-refresh-my-top-5-paint-colors-that-make-small-rooms-feel-bigger,My Top 5 Paint Colors That Make Small Rooms Feel Bigger,4
Best paint colors for small rooms,https://www.pinterest.com/pin/the-best-paint-colors-for-small-spaces-house-home--446349013078844595/,The Best Paint Colors For Small Spaces,5
Best paint colors for small rooms,https://www.sherwin-williams.com/en-us/color/room-paint-colors,Bedroom Paint Colors | Expert Picks,6
Best paint colors for small rooms,https://www.southernliving.com/paint-colors-make-small-rooms-bigger-11964644?srsltid=AfmBOoqx8qBOWNeoSOWZlAtb8BAKqdnsqHYa5ntbkkTUxDJ5qoqocrKx,12 Paint Colors That Make Small Rooms Look Bigger ...,7
Best paint colors for small rooms,https://www.kylieminteriors.ca/19-paint-colors-to-make-a-small-room-look-bigger/,19 Paint Colors to Make a Small Room Look Bigger -,8
How to remove mold from bathroom tile,https://www.reddit.com/r/homemaking/comments/179hrp6/how_to_remove_black_mold_from_the_shower_tiles_on/,How to remove black mold from the shower tiles on ...,1
How to remove mold from bathroom tile,https://www.workshop.bunnings.com.au/discussion/150571/how-to-remove-black-mould-in-bathroom-on-tile,How to remove black mould in bathroom on tile?,2
How to remove mold from bathroom tile,https://www.sanctuary-bathrooms.co.uk/guides/how-clean-bathroom-mould,How to Clean Bathroom Mould,3
How to remove mold from bathroom tile,https://www.thespruce.com/how-to-get-rid-of-mold-in-bathroom-8704973,How to Get Rid of Mold in Your Bathroom and Keep It ...,4
How to remove mold from bathroom tile,https://www.facebook.com/groups/homemakingtips/posts/715049205858245/,How to remove black mold from bathroom tiles and walls?,5
How to remove mold from bathroom tile,https://www.microban.com/blog/how-to-remove-mold-and-tough-stains-from-your-ceramic-tiles-and-avoid-them,How to Remove Mold from Tile Grout & Ceramic Tiles,6
How to remove mold from bathroom tile,https://www.quora.com/What-is-the-best-way-to-get-rid-of-the-mold-from-tiles-in-the-corners-around-your-bath-shower,What is the best way to get rid of the mold from tiles in ...,7
Best robot vacuums 2026,https://vacuumwars.com/vacuum-wars-best-robot-vacuums/,Top 20 Best Robot Vacuums in 2026,1
Best robot vacuums 2026,https://www.reddit.com/r/RobotVacuums/comments/1uszvhl/what_is_the_best_robot_vacuum_mop_in_2026_is_a/,What is the best robot vacuum & mop in 2026,2
Best robot vacuums 2026,https://www.thesmarthomehookup.com/2026-ultimate-robot-vacuum-and-mop-comparison/,2026 Ultimate Robot Vacuum and Mop Comparison,3
Best robot vacuums 2026,https://moderncastle.com/robot-vacuums/best-robot-vacuums/,The 8 Best Robot Vacuums for 2026 - We Test 94 Robots,4
Best robot vacuums 2026,https://www.nytimes.com/wirecutter/reviews/best-robot-vacuum/,The Best Robot Vacuums of 2026 | Reviews by Wirecutter,5
Best robot vacuums 2026,https://www.amazon.com/Best-Sellers-Robotic-Vacuums/zgbs/home-garden/3743561,Best Robotic Vacuums,6
Best robot vacuums 2026,https://www.cnn.com/cnn-underscored/reviews/best-robot-vacuums,"Best robot vacuums in 2026, tested and reviewed",7
Best robot vacuums 2026,https://mashable.com/roundup/best-robot-vacuum-mop-2026,The 5 best robot vacuum mop combos of 2026 so far ...,8
How to fix a leaky faucet,https://www.homedepot.com/c/ah/how-to-fix-a-leaky-faucet/9ba683603be9fa5395fab90ee6659fb,6 Steps to Fix a Leaky Faucet,1
How to fix a leaky faucet,https://www.portland.gov/water/water-efficiency-programs/faucet-leak,How to fix a faucet leak,2
How to fix a leaky faucet,https://www.deltafaucet.com/il/home-improvement-101/diy-easiest-way-fix-leaky-faucet,DIY: Easiest Way to Fix a Leaky Faucet,3
How to fix a leaky faucet,https://www.jaquar.com/en/blog/easy-diy-faucet-leak-repairs,10 DIY Leak Repairs to Fix Your Faucet Like a Pro,4
How to fix a leaky faucet,https://home.howstuffworks.com/home-improvement/plumbing/how-to-repair-a-faucet1.htm,How To Fix a Leaky Faucet | HowStuffWorks - Home and Garden,5
How to fix a leaky faucet,https://www.rotorooter.com/blog/faucets/how-to-fix-a-leaky-faucet/,How to Fix a Leaky Faucet,6
How to fix a leaky faucet,https://allprodad.com/quick-fix-how-to-fix-a-leaky-faucet/,Quick Fix: How to Fix a Leaky Faucet,7
Best indoor plants for low light,https://www.patchplants.com/collections/plants-indoor-light-or-shade/,Low Light Indoor Plants | House Plants for Light Shade,1
Best indoor plants for low light,https://roomfortuesday.com/the-easiest-indoor-plants-that-thrive-in-low-light/,The Easiest Indoor Plants that Thrive in Low Light,2
Best indoor plants for low light,https://www.reddit.com/r/houseplants/comments/1c8pk1a/recommendations_for_low_light_house_plants/,Recommendations for low light house plants? : r/houseplants,3
Best indoor plants for low light,https://www.rhs.org.uk/plants/types/houseplants/houseplants-for-shady-rooms,Best houseplants for dark and shady rooms,4
Best indoor plants for low light,https://www.thesill.com/collections/low-light-plants?srsltid=AfmBOop3hDHqJAa0ae8m1219T5OB1c6Q4aCYe1TBzn8U_Xsaw6zz_vBQ,Best Low Light Indoor Plants | Shade Tolerant,5
Best indoor plants for low light,https://plantura.garden/uk/houseplants/houseplant-collections/low-light-indoor-plants,Low light indoor plants: plants for dark rooms,6
Best indoor plants for low light,https://www.ecoorganicgarden.com.au/gardening-tips/top-10-indoor-plants-for-low-light/?srsltid=AfmBOooNZLJkyH1ARFlqadakrMiv2lmbv586tXZUx6IJWw9XI0BcePoZ,Top 10 Indoor Plants for Low Light,7
Best mattress for back pain,https://naplab.com/best-mattress/best-mattress-for-back-pain/,Best Mattress for Back Pain - 470+ Models Objectively Tested,1
Best mattress for back pain,https://www.mattressclarity.com/reviews/best-mattresses-for-back-pain/,Best Mattresses for Back Pain (2026) - We Tested 500+ Beds,2
Best mattress for back pain,https://www.ncoa.org/product-resources/sleep/best-orthopedic-mattresses/,The Best Orthopedic Mattresses in 2026,3
Best mattress for back pain,https://www.mattressnerd.com/best-mattress-for-back-pain/,Best Mattresses for Back Pain (2026),4
Best mattress for back pain,https://www.sleepfoundation.org/best-mattress/best-mattress-for-back-pain,Best Mattress for Back Pain in 2026: Our Expert-Tested Picks,5
Best mattress for back pain,https://www.macys.com/p/your-best-mattress-guide/mattress-for-back-pain/,Best Mattress for Back Pain,6
Best mattress for back pain,https://www.youtube.com/watch?v=NJdo8_x76Bo,Best Mattresses For Back Pain - My Top 8 Beds For Relief!,7
Best mattress for back pain,https://www.mattressfirm.com/shop/best-firm-mattresses-for-back-pain,Best Firm Mattresses for Back Pain,8
Best mattress for back pain,https://www.sleepadvisor.org/best-mattresses-for-back-pain/,10 Best Mattresses for Back Pain (2026) | Doctor Reviewed,9
How to get rid of ants in the kitchen,https://www.reddit.com/r/Home/comments/1h1xjin/i_have_an_ant_problem_in_my_kitchen_what_can_i_do/,I have an ant problem in my kitchen. What can I do to solve ...,1
How to get rid of ants in the kitchen,https://food52.com/story/26529-how-to-get-rid-of-ants-in-the-kitchen,How To Get Rid of Ants In the Kitchen—Humanely,2
How to get rid of ants in the kitchen,https://www.bugoutservice.com/ant-exterminators/ant-control/natural-ways-to-get-rid-of-ants/,Natural Home Remedies to Get Rid of Ants,3
How to get rid of ants in the kitchen,https://callwaynes.com/blog/how-to-get-rid-of-ants-in-your-kitchen/,How to Get Rid of Ants in Kitchen,4
How to get rid of ants in the kitchen,https://www.quora.com/How-do-you-safely-remove-ants-from-your-kitchen-counter,How do you safely remove ants from your kitchen counter?,5
How to get rid of ants in the kitchen,https://www.newlon.org.uk/top-tips-to-deal-with-ants-inside-and-outside-your-home/,Top tips to deal with ants inside and outside your home,6
Best space heaters for winter,https://www.wired.com/gallery/the-best-space-heaters/,8 Best Space Heaters (2026): Tested ...,1
Best space heaters for winter,https://www.consumerreports.org/appliances/space-heaters/best-space-heaters-of-the-year-a6792168873/,"11 Best Space Heaters of 2026, Lab-Tested and Reviewed",2
Best space heaters for winter,https://www.nytimes.com/wirecutter/reviews/best-space-heaters/?eafs_enabled=false,The 7 Best Space Heaters of 2026 | Reviews by Wirecutter,3
Best space heaters for winter,https://www.youtube.com/watch?v=ND2mrzPnBic,I've Never Seen A Space Heater This Good!,4
Best space heaters for winter,https://www.reddit.com/r/BuyItForLife/comments/176l3e5/what_is_the_best_portable_indoor_heater/,What is the best portable indoor heater? : r/BuyItForLife,5
Best space heaters for winter,https://www.bestbuy.com/site/shop/winter-heaters,Winter Heaters,6
Best space heaters for winter,https://www.bestbuy.com/site/heating-cooling-air-quality/heaters/abcat0907007.c?id=abcat0907007,Space Heaters (369),7
Best space heaters for winter,https://redfernent.com/blogs/news/which-space-heater-is-best-for-winter-a-real-comparison-guide-for-cold-homes?srsltid=AfmBOopmOM0EV7M1D477eVYE93wD-Cw295yoDWNNKhCQCM2izgPAKmF9,Which Space Heater is Best for Winter? A Real ...,8
Best space heaters for winter,https://www.thespruce.com/best-space-heaters-4062979,The 7 Best Space Heaters The Spruce Has Tested,9
Best workout routine for beginners,https://www.planetfitness.com/blog/articles/beginner-workout-plan-your-first-week-gym,A Beginner Workout Plan for Your First Week in the Gym,1
Best workout routine for beginners,https://www.reddit.com/r/beginnerfitness/comments/1fupc3w/best_workout_routine_for_an_absolute_beginner/,Best workout routine for an absolute beginner?,2
Best workout routine for beginners,https://www.nourishmovelove.com/fitness-beginner-workout-plan/,Beginner Workout Plan (30-Day Routine),3
Best workout routine for beginners,https://www.muscleandstrength.com/workouts/beginner,Beginner Workouts,4
Best workout routine for beginners,https://health.clevelandclinic.org/workout-routine,New to Exercise? Start With This Sample Workout Routine,5
Best workout routine for beginners,https://www.goldsgym.com/blog/beginner-workout-plan/,Beginner Workout Plan: Your First Week in the Gym Made ...,6
Best workout routine for beginners,https://www.healthline.com/health/fitness-exercise/at-home-workouts,30 Moves to Make the Most of Your At-Home Workout,7
How to lose belly fat fast,https://www.hopkinsmedicine.org/health/wellness-and-prevention/8-ways-to-lose-belly-fat-and-live-a-healthier-life,8 Ways to Lose Belly Fat and Live a Healthier Life,1
How to lose belly fat fast,https://www.bhf.org.uk/informationsupport/heart-matters-magazine/activity/best-exercise-to-lose-belly-fat,What's the best exercise to lose fat around your belly?,2
How to lose belly fat fast,https://www.mayoclinic.org/healthy-lifestyle/womens-health/in-depth/belly-fat/art-20045809,Belly fat in women: Taking - and keeping - it off,3
How to lose belly fat fast,https://www.healthline.com/nutrition/20-tips-to-lose-belly-fat,18 Effective Tips to Lose Belly Fat (Backed by Science),4
How to lose belly fat fast,https://www.bbc.co.uk/food/articles/how_to_lose_belly_fat_in_four_weeks,How to lose an inch of belly fat in four weeks,5
How to lose belly fat fast,https://www.health.harvard.edu/healthy-aging-and-longevity/how-to-get-rid-of-belly-fat,How to get rid of belly fat,6
How to lose belly fat fast,https://www.healthhub.sg/well-being-and-lifestyle/exercise-and-fitness/will-running-solve-my-pot-belly-problem,Strategies to Reduce Abdominal Fat Effectively,7
How to lose belly fat fast,https://www.blua.bupa.com.au/weight-and-nutrition/weight-management/6-simple-ways-to-reduce-unwanted-belly-fat,6 simple ways to reduce unwanted belly fat - Blua,8
How to start running as a beginner,https://www.reddit.com/r/beginnerrunning/comments/1jahhv0/extremely_beginner_tips_on_how_to_start_running/,EXTREMELY beginner tips on how to start running,1
How to start running as a beginner,https://www.nonetorun.com/blog/evidence-based-tips-to-start-and-stick-with-running,Evidence-based Tips to Start (and Stick With) Running,2
How to start running as a beginner,https://www.halhigdon.com/training-programs/more-training/beginning-runners-guide/,Training : Beginning Runner's Guide - 30/30 Plan,3
How to start running as a beginner,https://www.rei.com/learn/expert-advice/running-basics.html,How to Start Running: A Beginners Guide,4
How to start running as a beginner,https://www.adidas.com/us/blog/508760-a-beginners-guide-to-running,A Beginner's Guide to Running,5
How to start running as a beginner,https://www.nordictrack.com/blog/beginners-running-guide?srsltid=AfmBOopupppz-G9yQdKOR3Os9aorXAUgrD3cJyeAITRVJbhuvhW_k0Xd,"Beginner's Running Guide: Proper Form, Training Tips ...",6
How to start running as a beginner,https://www.runnersworld.com/training/a20845020/how-to-get-started-as-a-runner/,How to Start Running: Expert Tips and Training Plans,7
How to start running as a beginner,https://www.heather-grace.com/blog/how-to-start-running-5-tips-for-beginners,How to Start Running for Beginners (a Run Coach's Advice),8
Best stretches for lower back pain,https://www.mayoclinic.org/healthy-lifestyle/adult-health/in-depth/back-pain/art-20546859,Back exercises in 15 minutes a day,1
Best stretches for lower back pain,https://www.cedars-sinai.org/stories-and-insights/expert-advice/the-best-stretches-and-exercises-for-lower-back-pain,The Best Stretches and Exercises for Lower Back Pain,2
Best stretches for lower back pain,https://www.healthline.com/health/lower-back-stretches,7 Lower Back Stretches to Reduce Pain and Improve Mobility,3
Best stretches for lower back pain,https://www.goodrx.com/well-being/movement-exercise/stretches-lower-back-pain?srsltid=AfmBOooNd6aAKrd0ri9EwVJbqW3bv18ymcuUBXwMWlp7GL6yi3dMNkNv,5 Lower Back Stretches and Exercises for Pain Relief,4
Best stretches for lower back pain,https://www.nhsinform.scot/illnesses-and-conditions/muscle-bone-and-joints/neck-and-back-problems-and-conditions/exercises-for-back-pain/,Exercises to help with back pain,5
Best stretches for lower back pain,https://painspecialistsaustralia.com.au/blog/best-stretches-for-back-pain-relief,5 Best Stretches for Back Pain Relief | Loosen Tight ...,6
Best stretches for lower back pain,https://internationalspineandsports.com/10-effective-stretches-for-lower-back-pain-relief/,10 Effective Stretches for Lower Back Pain Relief,7
Best stretches for lower back pain,https://www.hss.edu/health-library/move-better/exercises-for-lower-back-pain,"Stretches and Exercises for Lower Back Pain, from a PT",8
How many steps a day is healthy,https://utswmed.org/medblog/how-many-steps-per-day/,Focusing on 10000 steps a day could be a misstep,1
How many steps a day is healthy,https://www.medicalnewstoday.com/articles/how-many-steps-should-you-take-a-day,How many steps should people take per day?,2
How many steps a day is healthy,https://www.nih.gov/news-events/nih-research-matters/number-steps-day-more-important-step-intensity,Number of steps per day more important than step intensity,3
How many steps a day is healthy,https://www.healthline.com/health/how-many-steps-a-day,How Many Steps Do I Need a Day?,4
How many steps a day is healthy,https://www.nytimes.com/2025/07/23/well/how-many-steps-per-day-health.html,How Many Steps Do You Really Need in a Day?,5
How many steps a day is healthy,https://ki.se/en/research/popular-science-and-dialogue/spotlight-on/spotlight-on-sports-and-exercise/is-walking-10000-steps-a-day-enough,Is walking 10000 steps a day enough?,6
How many steps a day is healthy,https://www.hollandandbarrett.com/the-health-hub/weight-management/fitness/exercise/your-recommended-daily-steps-by-age/,Recommended Steps Per Day By Age,7
How many steps a day is healthy,https://www.bhf.org.uk/informationsupport/heart-matters-magazine/activity/how-many-steps-a-day-should-i-walk-for-my-heart-health,How many steps a day should I walk for my heart health?,8
How many steps a day is healthy,https://www.youtube.com/watch?v=yTpVKhvBQYk&vl=ar,How many daily steps do you REALLY NEED for health?,9
Best home gym equipment for small spaces,https://www.garagegymreviews.com/best-compact-exercise-equipment,Expert-Tested: The Best Compact Exercise Equipment (2026),1
Best home gym equipment for small spaces,https://www.garner.ae/blogs/news/creating-the-perfect-home-gym-space-saving-equipment-for-small-spaces?srsltid=AfmBOornbN5BHSl-cakkPXImPAgQg8krCtT1ZH4AkFuYotguhaKOz3_M,Creating the Perfect Home Gym: Space-Saving Equipment ...,2
Best home gym equipment for small spaces,https://vivofitness.com/blog/best-gym-equipments-small-apartments/,Best Gym Equipments for Small Apartments in Dubai,3
Best home gym equipment for small spaces,https://theadultman.com/health-and-fitness/best-compact-home-gyms/,6 Best Compact Home Gyms: Tested and Reviewed,4
Best home gym equipment for small spaces,https://www.reddit.com/r/beginnerfitness/comments/1oqtchd/best_home_gym_setup_for_small_spaces/,Best home gym setup for small spaces? : r/beginnerfitness,5
Best home gym equipment for small spaces,https://miraclefitnessuae.com/blogs/best-fitness-equipment-in-uae-for-small-spaces-UBogA?srsltid=AfmBOor-ObQq8GzF6UZJOqu4y872LfKd0x7REIWyjzgn6gdUJwtLjjEr,Best Fitness Equipment in UAE for Small Spaces,6
Best home gym equipment for small spaces,https://www.amazon.ae/compact-home-gym/s?k=compact+home+gym,Compact Home Gym,7
Best home gym equipment for small spaces,https://speediance.eu/blogs/news/best-home-gym-equipment-for-small-spaces,Best Home Gym Equipment for Small Spaces That ...,8
How to reduce stress and anxiety naturally,https://www.mayoclinic.org/healthy-lifestyle/stress-management/in-depth/stress-relievers/art-20047257,Stress relievers: Tips to tame stress,1
How to reduce stress and anxiety naturally,https://www.nhs.uk/mental-health/self-help/guides-tools-and-activities/tips-to-reduce-stress/,10 stress busters,2
How to reduce stress and anxiety naturally,https://www.colorado.edu/law/25-quick-ways-reduce-stress,25 Quick Ways to Reduce Stress,3
How to reduce stress and anxiety naturally,https://www.healthline.com/nutrition/16-ways-relieve-stress-anxiety,16 Simple Ways to Relieve Stress and Anxiety,4
How to reduce stress and anxiety naturally,https://www.health.harvard.edu/mental-health/how-to-reduce-stress-and-anxiety-through-movement-and-mindfulness,How to reduce stress and anxiety through movement ...,5
How to reduce stress and anxiety naturally,https://www.mdanderson.org/cancerwise/anxiety-hacks--7-tools-to-manage-stress-and-worry-in-the-moment.h00-159537378.html,7 anxiety hacks: How to manage stress and worry in the ...,6
How to reduce stress and anxiety naturally,https://blog.providence.org/alternative-medicine/natural-remedies-to-help-with-stress-and-anxiety-2,Natural remedies to help with stress and anxiety,7
How to reduce stress and anxiety naturally,https://www.cdc.gov/mental-health/living-with/index.html,Managing Stress | Mental Health,8
Best yoga routines for flexibility,https://www.reddit.com/r/yoga/comments/14kla24/best_type_of_yoga_for_flexibility/,Best type of yoga for flexibility,1
Best yoga routines for flexibility,https://www.healthline.com/health/exercise-fitness/yoga-for-flexibility,"Yoga for Flexibility: 8 Poses for Your Back, Core, Hips ...",2
Best yoga routines for flexibility,https://www.womenshealthmag.com/fitness/g31143417/yoga-stretches/,The 21 Best Yoga Stretches To Do For Full-Body Flexibility ...,3
Best yoga routines for flexibility,https://www.eosfitness.com/blog/yoga-poses-for-enhanced-flexibility,Best Yoga Poses For Enhanced Flexibility | EōS Fitness,4
Best yoga routines for flexibility,https://www.onepeloton.com/blog/yoga-for-flexibility,How to Use Yoga to Become More Flexible,5
Best yoga routines for flexibility,https://www.yogabody.com/stretching/?srsltid=AfmBOoqfTOd1hTn3BmTWU9gR5j0TQoeN6g6QEKFKlwa1hosLHCLJAbRQ,Double Your Flexibility in 4 Weeks - 15 Min Per Day!,6
Best yoga routines for flexibility,https://www.yogajournal.com/practice/yoga-poses-build-strength-flexibility/,A Yoga Sequence That Builds Both Strength and Flexibility,7
Best yoga routines for flexibility,https://www.youtube.com/watch?v=hMti9jFOBT8,25 min Yoga for Flexibility - Slow & Mindful Stretching Practice,8
How to build muscle without a gym,https://www.reddit.com/r/PetiteFitness/comments/1dhikeq/can_you_build_muscle_without_equipment_or_gym/,can you build muscle without equipment or gym??,1
How to build muscle without a gym,https://www.menshealth.com/uk/building-muscle/a756325/10-best-bodyweight-exercises-for-men/,32 Bodyweight Exercises to Pack on Muscle at Home,2
How to build muscle without a gym,https://www.health.com/ways-to-build-strength-without-the-gym-11910176,6 Ways To Build Strength Without Ever Going to the Gym,3
How to build muscle without a gym,https://www.youtube.com/watch?v=V0x4pf1J9eM,How I Build Muscle WITHOUT Weights!,4
How to build muscle without a gym,https://medium.com/smarter-sweat/build-muscle-without-lifting-weights-yes-you-can-heres-how-e1f2bdd559ee,"Build Muscle Without Lifting Weights? Yes, You Can! ...",5
How to build muscle without a gym,https://www.healthline.com/health/fitness-nutrition/no-weight-workout,13 Body-Burning Moves That Require No Weights,6
How to build muscle without a gym,https://www.muscleandmotion.com/blog/building-muscles-without-weights/,"Building Muscles Without Weights? Yes, it is Possible!",7
Best online courses to learn coding,https://www.reddit.com/r/learnprogramming/comments/1oz1x3q/best_online_coding_course/,Best Online Coding Course : r/learnprogramming,1
Best online courses to learn coding,https://www.boot.dev/blog/education/best-online-coding-courses-2026,16+ Best online coding courses [2026],2
Best online courses to learn coding,https://www.coursera.org/courses?query=coding,Best Coding Courses & Certificates [2026],3
Best online courses to learn coding,https://www.pcmag.com/picks/the-best-programs-for-learning-to-code,The Best Programs for Learning to Code We've Tested,4
Best online courses to learn coding,https://www.quora.com/What-are-the-best-online-coding-classes-for-beginners,What are the best online coding classes for beginners?,5
Best online courses to learn coding,https://pll.harvard.edu/subject/programming,Programming Courses | Harvard University,6
Best online courses to learn coding,https://www.codecademy.com/,Codecademy: Learn to Code - for Free,7
Best online courses to learn coding,https://www.freecodecamp.org/,freeCodeCamp: Learn to Code for Free. Coding Courses ...,8
How to prepare for the SAT,https://www.reddit.com/r/Sat/comments/s1veyk/how_do_i_start_studying_for_the_sat/,How do I Start Studying for the SAT?,1
How to prepare for the SAT,https://www.khanacademy.org/test-prep/sat-reading-and-writing/x0d47bcec73eb6c4b:about-the-sat/x0d47bcec73eb6c4b:preparing-for-the-sat/a/creating-an-sat-prep-plan,Creating an SAT prep plan (article),2
How to prepare for the SAT,https://satsuite.collegeboard.org/practice,Practice and Preparation - SAT Suite - College Board,3
How to prepare for the SAT,https://bigfuture.collegeboard.org/plan-for-college/apply-to-college/how-to-prepare-for-the-sat,How to Prepare for the SAT - BigFuture - College Board,4
How to prepare for the SAT,https://www.collegeessayguy.com/blog/self-study-for-sat,How Do I Self-Study for the SAT?,5
How to prepare for the SAT,https://www.learner.com/secret-sat-strategies,7 SAT Strategies From Someone Who Scored a 1600,6
How to prepare for the SAT,https://www.kaptest.com/sat?srsltid=AfmBOooDhYl66JRnhwh9t5WoUZSDNMws3Yl_yAR7LEB91fwAm0FaexxE,"SAT Prep Courses, Classes, and Test Prep",7
How to prepare for the SAT,https://www.aeccglobal.com/exams/sat/preparation-tips,SAT Exam Preparation Tips,8
Best language learning apps,https://www.reddit.com/r/languagelearning/comments/1hyh9u6/what_is_the_best_app_for_learning_a_language/,What is the best app for learning a language?,1
Best language learning apps,https://www.nytimes.com/wirecutter/reviews/best-language-learning-apps/,The 4 Best Language Learning Apps of 2026,2
Best language learning apps,https://tanyamozias.substack.com/p/best-language-learning-apps-youve-never-heard-of,The Best Language Learning Apps You've Probably Never ...,3
Best language learning apps,https://talkreal.org/en/blog/best-language-learning-app/,Top 10: Best Language Learning App (tested by experts),4
Best language learning apps,https://www.polychatapp.com/blog/free-language-learning-apps,10 Best Free Language Learning Apps for 2026,5
Best language learning apps,https://www.taalhammer.com/best-language-learning-apps-for-adults-in-2025-smarter-tools-for-serious-learners-taalhammer-and-4-more/,Best Language Learning Apps for Adults in 2026,6
Best language learning apps,https://www.hellonabu.com/blog/en/best-free-language-learning-app/,5 Best Free Language Learning Apps in 2026 (No Paywalls),7
Best language learning apps,https://www.nbcnews.com/select/shopping/language-learning-apps-duolingo-babbel-pimsleur-tested-rcna187804,"I tested Duolingo, Babbel and Pimsleur so you don't have to",8
How to study effectively for exams,https://learningcenter.unc.edu/tips-and-tools/studying-101-study-smarter-not-harder/,Studying 101: Study Smarter Not Harder - UNC Learning Center,1
How to study effectively for exams,https://www.reddit.com/r/GetStudying/comments/z5avzt/how_to_effectively_study_and_prepare_for_exams/,How to effectively study and prepare for exams,2
How to study effectively for exams,https://oxfordlearning.com/study-tips-for-exams-study-smarter-not-harder/,"Study Tips for Exams—Study Smarter, Not Harder",3
How to study effectively for exams,https://www.topuniversities.com/student-info/health-and-support/exam-preparation-ten-study-tips,Exam preparation: Ten study tips,4
How to study effectively for exams,https://tilt.colostate.edu/undergrad/exam-study-strategies/,Exam Study Strategies | The Institute for Learning and Teaching,5
How to study effectively for exams,https://www.princetonreview.com/college-advice/how-to-study-for-a-test,How to Study for a Test: 10 Steps To Ace Your Next Test,6
How to study effectively for exams,https://www.collegevine.com/c/junior/55407/what-is-the-most-effective-way-to-study,What is the most effective way to study? Answered,7
Best certifications for data analytics,https://www.reddit.com/r/analytics/comments/111biax/so_what_certifications_actually_matter_in_the/,So what certifications actually matter in the analytics world?,1
Best certifications for data analytics,https://www.coursera.org/articles/data-analytics-certification,7 Popular Data Analytics Certifications: Your 2026 Guide,2
Best certifications for data analytics,https://grow.google/certificates/data-analytics/?srsltid=AfmBOopOS-FbUS1DYPjXhS3WpmDAXd83QvWK61nlWexU1U9ew4hmaHj8,Launch a Data Analyst Career | Get Job-Ready,3
Best certifications for data analytics,https://www.onlc.com/blog/popular-data-analyst-certifications/,9 Popular Data Analyst Certifications 2025 Guide,4
Best certifications for data analytics,https://ischool.syracuse.edu/best-data-analytics-certification/,Best Data Analytics Certifications for 2025,5
Best certifications for data analytics,https://www.ucertify.com/blog/top-data-analytics-certifications/?srsltid=AfmBOoohICj9KPO9udTlg6R_-6s1IGS6lOYbx66hKTy5U7mdbwS1z4F0,Top Data Analytics Certifications to Advance Your Career ...,6
Best certifications for data analytics,https://www.6sigmacertificationonline.com/data-analytics-certification/,Data Analytics Certification & Training Online | SSGI,7
How to learn a new language fast,https://www.reddit.com/r/languagelearning/comments/7t79pi/whats_the_best_way_to_quickly_learn_a_language/,What's the best way to quickly learn a language,1
How to learn a new language fast,https://markmanson.net/learn-a-foreign-language,25 Tips to Learn a Foreign Language,2
How to learn a new language fast,https://www.bbc.com/future/article/20260220-whats-the-best-way-to-learn-a-new-language,What's the best way to learn a new language?,3
How to learn a new language fast,https://preply.com/en/blog/10-tips-learn-languages-fast/,"How to Learn a Language Fast, According to Polyglot Olly ...",4
How to learn a new language fast,https://www.youtube.com/watch?v=OZU7HMV4fNA,How to learn a language fast and effortlessly | Victoria Obiageli,5
How to learn a new language fast,https://blog.thelinguist.com/best-way-to-learn-a-new-language/,Best Way to Learn a New Language - Fast & Effectively,6
How to learn a new language fast,https://huntingthemuse.net/library/how-to-learn-a-language,What 2 polyglots taught me about how to learn a new ...,7
How to learn a new language fast,https://www.coursera.org/articles/how-to-learn-a-new-language,How to Learn a New Language: Tips for Beginners,8
Best free resources to learn machine learning,https://www.reddit.com/r/learnmachinelearning/comments/vgtrsa/what_are_some_of_the_great_resources_to_learn/,What are some of the great resources to learn Machine ...,1
Best free resources to learn machine learning,https://adilshamim8.medium.com/top-resources-to-learn-machine-learning-in-2025-b4fcef8fc759,Top Resources to Learn Machine Learning in 2025,2
Best free resources to learn machine learning,https://openlearning.mit.edu/news/7-free-online-mit-courses-grasp-machine-learning,7 free online MIT courses to grasp machine learning,3
Best free resources to learn machine learning,https://www.kaggle.com/general/196686,27 Best Resources to Study Machine Learning,4
Best free resources to learn machine learning,https://machinelearningmastery.com/5-free-machine-learning-courses-from-top-universities/,5 Free Machine Learning Courses from Top Universities,5
Best free resources to learn machine learning,https://github.com/armankhondker/awesome-ai-ml-resources,armankhondker/awesome-ai-ml-resources: Learn AI/ ...,6
Best free resources to learn machine learning,https://blog.nobledesktop.com/learn/machine-learning/machine-learning-free-resources-and-tutorials,Free Machine Learning Resources & Tutorials for Beginners,7
Best free resources to learn machine learning,https://www.tensorflow.org/resources/learn-ml,Machine learning education,8
How to improve public speaking skills,https://www.toastmasters.org/resources/public-speaking-tips,Public Speaking Tips,1
How to improve public speaking skills,https://professional.dce.harvard.edu/blog/10-tips-for-improving-your-public-speaking-skills/,10 Tips for Improving Your Public Speaking Skills,2
How to improve public speaking skills,https://www.reddit.com/r/marketing/comments/8cz4di/how_to_become_good_at_public_speaking_for_a/,How to become good at public speaking for a beginner? ...,3
How to improve public speaking skills,https://learnerspoint.org/blog/7-expert-tips-to-improve-your-public-speaking-skills,7 Expert Tips to Improve your Public Speaking Skills,4
How to improve public speaking skills,https://www.uagrantham.edu/blog/4-ways-to-improve-your-public-speaking-skills/,4 Ways to Improve Your Public Speaking Skills,5
How to improve public speaking skills,https://www.linkedin.com/pulse/public-speaking-tips-communicating-confidence-coursera-f0gge,Public speaking tips: Communicating with confidence,6
How to improve public speaking skills,https://www.ncsl.org/news/details/toolbox-5-ways-to-improve-your-public-speaking-skills,Toolbox | 5 Ways to Improve Your Public Speaking Skills...,7
How to improve public speaking skills,https://www.coursera.org/articles/public-speaking,10 Tips to Improve Your Public Speaking Skills,8
Best note-taking methods for students,https://www.goodnotes.com/blog/note-taking-methods,The Best Note-Taking Methods for College Students & ...,1
Best note-taking methods for students,https://www.reddit.com/r/GetStudying/comments/cdyho1/the_notetaking_guide_i_wish_existed_7_years_ago/,The Note-Taking Guide I wish existed 7 years ago,2
Best note-taking methods for students,https://www.utc.edu/enrollment-management-and-student-affairs/center-for-academic-support-and-advisement/tips-for-academic-success/note-taking,Common Note-taking Methods - Chattanooga,3
Best note-taking methods for students,https://lsc.cornell.edu/how-to-study/taking-notes/cornell-note-taking-system/,The Cornell Note Taking System,4
Best note-taking methods for students,https://blog.box.com/best-note-taking-methods,The Best Note-Taking Methods & Strategies,5
Best note-taking methods for students,https://help.open.ac.uk/notetaking-techniques,Introduction: Note-taking techniques | Help Centre,6
Best note-taking methods for students,https://queensonlineschool.com/note-taking-methods/,Note taking methods: 10 effective strategies for learning,7
Best note-taking methods for students,https://www.adobe.com/acrobat/resources/note-taking-methods.html,Note-taking methods: 10 note‑taking styles for students,8
How to stay focused while studying,https://www.reddit.com/r/GetStudying/comments/13ov7g9/whats_a_hack_thats_helped_you_remain_focused/,What's a hack that's helped you remain focused while ...,1
How to stay focused while studying,https://www.cwu.edu.tr/how-to-stay-focused-while-studying/,How to Stay Focused While Studying,2
How to stay focused while studying,https://www.icslearn.co.uk/blog/study-advice/7-proven-ways-to-improve-your-focus-when-studying/,7 Proven Ways to Improve Your Focus When Studying,3
How to stay focused while studying,https://www.canva.com/learn/17-study-tips-to-help-you-stay-focused/,17 Study Tips to Help You Stay Focused,4
How to stay focused while studying,https://www.quora.com/How-do-I-concentrate-better-in-my-studies-I-can%E2%80%99t-study-for-more-than-45-min-I-get-distracted-very-quickly,How to concentrate better in my studies,5
How to stay focused while studying,https://focuscalm.com/blogs/blog/stay-focused-while-studying-tips-tricks?srsltid=AfmBOopLKBvKDEse2fiYr6eQ311_ZUOWj-n_P3ORs5pOMAvJKnZnfzTq,Stay Focused While Studying: Tips & Tricks,6
How to stay focused while studying,https://articles.outlier.org/9-tips-on-how-to-stay-focused-while-studying,9 Tips on How To Stay Focused While Studying - Outlier Articles,7
How to stay focused while studying,https://yugo.com/en-us/staying-focused-when-you-re-studying-674124,Staying Focused When You're Studying,8
How to write a resume that stands out,https://careerservices.fas.harvard.edu/resources/create-a-strong-resume/,Harvard College Guide to Creating a Strong Resume,1
How to write a resume that stands out,https://www.reddit.com/r/careeradvice/comments/1k2scto/ive_reviewed_5000_resumes_heres_how_you_can_stand/,I've reviewed 5000+ resumes. Here's how you can stand out.,2
How to write a resume that stands out,https://hbr.org/2014/12/how-to-write-a-resume-that-stands-out,How to Write a Résumé That Stands Out,3
How to write a resume that stands out,https://www.pennfoster.edu/blog/5-secrets-to-make-your-resume-stand-out,5 Secrets to Make Your Resume Stand Out,4
How to write a resume that stands out,https://www.indeed.com/career-advice/resumes-cover-letters/tips-to-make-your-resume-stand-out,Top 8 Effective Tips for How to Make Your Resume Stand Out,5
How to write a resume that stands out,https://www.dgs.ca.gov/OHR/Careers/4How-to-Write-a-Great-Resume,10 Tips to Writing a Great Resume,6
How to write a resume that stands out,https://www.linkedin.com/business/learning/blog/career-success-tips/how-to-write-a-resume-that-will-actually-get-a-recruiter-s-atten,How to Write a Resume That Actually Gets a Recruiter's ...,7
Best remote jobs for beginners,https://www.remotedxb.com/,Remote DXB: Remote & Hybrid Jobs in Dubai,1
Best remote jobs for beginners,"https://ae.indeed.com/q-entry-level-remote,-work-from-home-l-dubai-jobs.html","Entry Level Remote, Work From Home jobs in Dubai",2
Best remote jobs for beginners,https://remote.co/remote-jobs/entry-level,Remote Entry Level Jobs - Work From Home,3
Best remote jobs for beginners,https://nodesk.co/remote-jobs/entry-level/,Remote Entry-Level Jobs,4
Best remote jobs for beginners,https://nextgenlearning.org.uk/top-12-remote-jobs-for-beginners/,Top 12 Remote Jobs for Beginners in 2026–2027,5
Best remote jobs for beginners,https://www.bayt.com/en/international/jobs/remote-jobs/,Remote Jobs in the Middle East (Sep 2026),6
Best remote jobs for beginners,https://www.realworkfromanywhere.com/fully-remote-no-experience-jobs,Fully Remote No Experience Jobs - 100% remote worldwide,7
Best remote jobs for beginners,https://www.linkedin.com/jobs/remote-jobs-in-united-arab-emirates-jobs,Remote Jobs In United Arab Emirates,8
How to negotiate a higher salary,https://www.reddit.com/r/Salary/comments/1jbbp8f/im_an_exrecruiter_who_was_paid_by_some_of_the/,6 Salary Negotiation Rules,1
How to negotiate a higher salary,https://www.indeed.com/career-advice/pay-salary/how-to-negotiate-salary,How To Negotiate Salary After a Job Offer (With 13 Tips),2
How to negotiate a higher salary,https://gradschool.cornell.edu/career-and-professional-development/pathways-to-success/prepare-for-your-career/take-action/evaluate-offers/negotiate-a-salary-package/,Negotiate a Salary Package - Graduate School,3
How to negotiate a higher salary,https://www.youtube.com/shorts/8_gzeOS8u0E,How To Get A Higher Salary 101,4
How to negotiate a higher salary,https://www.pon.harvard.edu/daily/salary-negotiations/negotiate-salary-3-winning-strategies/,How to Negotiate Salary: 3 Winning Strategies,5
How to negotiate a higher salary,https://www.roberthalf.com/au/en/insights/career-development/how-negotiate-higher-salary-offer-email-sample-included,How to negotiate a higher salary offer via email (sample ...,6
How to negotiate a higher salary,https://www.smcm.edu/career-development/how-to-negotiate-salary-benefits/,How to Negotiate Salary & Benefits – Career Development,7
How to negotiate a higher salary,https://dol.ny.gov/salary-negotiation-guide,Salary Negotiation Guide | Department of Labor - NY.Gov,8
Best sites to find freelance work,https://www.reddit.com/r/freelancing/comments/1cnan1f/where_are_the_best_sites_to_get_freelance_work/,Where are the best sites to get freelance work,1
Best sites to find freelance work,https://josephliu.co/freelancer-best-websites/,Best Websites for Finding and Hiring Freelance Talent,2
Best sites to find freelance work,https://www.flowlu.com/blog/productivity/best-freelance-websites/,Best Freelance Websites 2026: 💻 Where the Real Jobs Are,3
Best sites to find freelance work,https://www.upwork.com/,Upwork | Hire Top Freelance Talent with Confidence,4
Best sites to find freelance work,https://www.lendio.com/blog/places-find-freelance-gigs,21 Places to Find Freelance Gigs,5
Best sites to find freelance work,https://www.jobbers.io/,Jobbers: Freelance websites without commission | Remote ...,6
Best sites to find freelance work,https://www.freelancer.com/,Hire Freelancers & Find Freelance Jobs Online | Freelancer,7
Best sites to find freelance work,https://www.upwork.com/freelance-jobs/,Freelance Jobs on Upwork: Work Remote & Earn Online,8
How to prepare for a job interview,https://www.indeed.com/career-advice/interviewing/how-to-prepare-for-an-interview,How to Prepare for an Interview (With Tips),1
How to prepare for a job interview,https://www.reddit.com/r/jobsearchhacks/comments/1jeypqk/tips_for_thoroughly_preparing_for_a_job_interview/,Tips for thoroughly preparing for a job interview,2
How to prepare for a job interview,https://careercenter.ucdavis.edu/interviews-and-offers/questions-and-prep,Interview Questions and How to Prepare,3
How to prepare for a job interview,https://www.mytexasfuture.org/adult-college/preparing-for-a-job-interview/,Tips on How to Prepare for an Interview,4
How to prepare for a job interview,https://www.dol.gov/general/jobs/interview-tips,Interview Tips,5
How to prepare for a job interview,https://online.ou.edu/hub/how-to-prepare-for-a-job-interview/,"How to Prepare for a Job Interview: Research, Practice, and ...",6
How to prepare for a job interview,https://hbr.org/2015/08/what-you-should-and-shouldnt-focus-on-before-a-job-interview,What You Should (and Shouldn't) Focus on Before a Job ...,7
Best career paths in tech,https://www.reddit.com/r/ITCareerQuestions/comments/1hqnkqt/choosing_a_futureproof_tech_career_options_for/,Choosing a Future-Proof Tech Career: Options for 2030 ...,1
Best career paths in tech,https://www.indeed.com/career-advice/finding-a-job/list-of-technology-careers,42 of the Best Technology Careers (Plus Salaries and Duties),2
Best career paths in tech,https://codefirstgirls.com/opportunities/career-pathways/,Explore Tech Career Pathways,3
Best career paths in tech,https://zerotomastery.io/blog/which-tech-career-is-right-for-me/,Which Tech Career Is Right For Me in 2026?,4
Best career paths in tech,https://capd.mit.edu/resources/20-top-career-paths-for-tech-geeks-which-one-is-right-for-you/,20 top career paths for tech geeks,5
Best career paths in tech,https://careers.usnews.com/best-jobs/rankings/best-technology-jobs,Best Technology Jobs | US News Careers,6
Best career paths in tech,https://www.ciat.edu/blog/how-to-choose-the-right-tech-career-path-for-your-strengths/,How to Choose the Right Tech Career Path for Your Strengths,7
Best career paths in tech,https://www.pace.edu/news/in-demand-tech-jobs,Emerging Tech Careers: 20 High-Demand Jobs of the Future,8
How to switch careers at 30,https://www.reddit.com/r/AskMenOver30/comments/xnl8cu/making_a_drastic_career_change_in_your_30s/,Making a drastic career change in your 30s,1
How to switch careers at 30,https://www.careershifters.org/expert-advice/how-to-change-career-when-youve-no-idea-what-to-do-next,How to Change Career When You Have No Idea What to Do,2
How to switch careers at 30,https://extension.harvard.edu/blog/how-to-change-careers-in-your-30s/,How to Change Careers in Your 30s | Harvard Extension School,3
How to switch careers at 30,https://www.forbes.com/sites/tracybrower/2025/02/20/why-your-30s-are-a-great-time-to-change-careers/,Why Your 30s Are A Great Time To Change Careers,4
How to switch careers at 30,https://climbhire.co/career-development/career-change-at-30/,Making a Career Change at 30: Real-Life Stories & Advice,5
How to switch careers at 30,https://www.online.drexel.edu/news/changing-careers-after-30.aspx,What to Know for Changing Your Career After 30,6
Best LinkedIn profile tips,https://www.linkedin.com/business/sales/blog/profile-best-practices/17-steps-to-a-better-linkedin-profile-in-2017,12 steps to a better LinkedIn profile in 2025,1
Best LinkedIn profile tips,https://www.linkedin.com/help/linkedin/answer/a554351,Create a good LinkedIn profile | LinkedIn Help,2
Best LinkedIn profile tips,https://www.reddit.com/r/freelanceWriters/comments/znrbt2/how_to_actually_write_a_linkedin_profile_worth/,How To Actually Write A LinkedIn Profile Worth Reading,3
Best LinkedIn profile tips,https://business.purdue.edu/careers/resources/linkedin.php,Building a Great LinkedIn Profile - Purdue Business,4
Best LinkedIn profile tips,https://www.forbes.com/sites/josephliu/2023/05/22/the-ultimate-guide-to-crafting-a-linkedin-profile-that-recruiters-love-advice-from-100-hiring-professionals/,How To Craft A LinkedIn Profile That Recruiters Love ...,5
Best LinkedIn profile tips,https://www.linkedin.com/business/talent/blog/product-tips/linkedin-profile-summaries-that-we-love-and-how-to-boost-your-own,14 LinkedIn Profile Summary Examples (and 14 Best ...,6
Best LinkedIn profile tips,https://mbs.rutgers.edu/article/essential-tips-level-your-linkedin-profile,Essential Tips to Level Up Your LinkedIn Profile,7
Best LinkedIn profile tips,https://www.elmhurst.edu/blog/8-ways-to-optimize-your-linkedin-profile/,8 Ways to Optimize Your LinkedIn Profile,8
How to write a cover letter that gets noticed,https://www.coursera.org/articles/how-to-write-a-cover-letter,How to Write a Cover Letter (With Examples and Tips),1
How to write a cover letter that gets noticed,https://hbr.org/2022/05/how-to-write-a-cover-letter-that-sounds-like-you-and-gets-noticed,How to Write a Cover Letter That Sounds Like You (and ...,2
How to write a cover letter that gets noticed,https://capd.mit.edu/resources/how-to-write-an-effective-cover-letter/,How to write an effective cover letter (with samples),3
How to write a cover letter that gets noticed,https://www.linkedin.com/posts/erinlewber_if-youre-writing-a-cover-letter-that-looks-activity-7313534526666743809-69II,How to write a cover letter that gets read,4
How to write a cover letter that gets noticed,https://nationalcareers.service.gov.uk/careers-advice/covering-letter,How to write a cover letter,5
How to write a cover letter that gets noticed,https://www.myperfectresume.com/cover-letter/examples,Cover Letter Examples for Any Job or Industry (2026),6
How to write a cover letter that gets noticed,https://www.careers.ox.ac.uk/cover-letters,Cover letters,7
Best industries for entry-level jobs 2026,https://ae.indeed.com/q-entry-level-l-dubai-jobs.html,Entry Level jobs in Dubai,1
Best industries for entry-level jobs 2026,https://www.bayt.com/en/uae/jobs/entry-level-jobs/,Entry Level Jobs in UAE (Sep 2026) - Dubai,2
Best industries for entry-level jobs 2026,https://www.extern.com/post/best-jobs-for-2024-top-industries-hiring-right-now,Industries Hiring Right Now (2026): Where the Jobs Are,3
Best industries for entry-level jobs 2026,https://www.ziprecruiter.com/g/Most-Popular-Job-Titles-Of-Entry-Level-Jobs,25 of the Best Types of Entry Level Jobs in 2026,4
Best industries for entry-level jobs 2026,https://joinhandshake.com/blog/students/top-industries-to-work-in-and-whos-hiring/,Top 20 industries to work in and who's hiring now,5
Best industries for entry-level jobs 2026,https://www.youtube.com/watch?v=Dg4lOLYUKRc,7 High Paying Jobs That are ACTUALLY Hiring Entry Level in ...,6
Best industries for entry-level jobs 2026,https://accel-hrconsulting.com/dubai-uae-demanding-jobs/,Most In-Demand Jobs in UAE 2026: Where to Find?,7
Best industries for entry-level jobs 2026,https://ae.jooble.org/jobs-entry-level,Urgent! Entry level jobs - May 2026,8
