url,domain,scrape_status,word_count,h1_count,h2_count,h3_count,num_headings,num_paragraphs,num_lists,num_images,num_links,has_faq,has_definition,has_stats,has_numbers,has_quotes,has_author,has_date,has_schema,has_og_tags,has_meta_description,meta_desc_length,title_length,page_size_kb
https://www.dictionary.com/browse/what,www.dictionary.com,success,1242.0,1.0,15.0,3.0,19.0,116.0,18.0,7.0,21.0,0.0,0.0,0.0,1.0,1.0,1.0,0.0,1.0,0.0,1.0,119.0,47.0,93.033203125
https://en.wiktionary.org/wiki/what,en.wiktionary.org,success,10510.0,0.0,5.0,25.0,30.0,28.0,95.0,6.0,2386.0,0.0,0.0,0.0,1.0,1.0,0.0,0.0,0.0,1.0,0.0,0.0,38.0,542.974609375
https://dictionary.cambridge.org/us/dictionary/english/what,dictionary.cambridge.org,success,2765.0,1.0,6.0,14.0,21.0,30.0,25.0,8.0,428.0,0.0,0.0,0.0,1.0,1.0,1.0,0.0,0.0,1.0,1.0,122.0,53.0,408.5087890625
https://en.wikipedia.org/wiki/What,en.wikipedia.org,success,423.0,0.0,5.0,2.0,7.0,3.0,10.0,4.0,60.0,0.0,1.0,0.0,1.0,1.0,1.0,1.0,1.0,1.0,0.0,0.0,16.0,73.2607421875
https://www.icagile.com/resources/honest-review-of-6-personal-project-management-tools-with-kanban-view,www.icagile.com,success,1749.0,0.0,4.0,7.0,11.0,39.0,13.0,10.0,17.0,0.0,0.0,0.0,1.0,0.0,1.0,0.0,0.0,1.0,1.0,253.0,7.0,85.4052734375
https://www.teamwork.com/blog/best-project-management-tools/,www.teamwork.com,success,4532.0,1.0,21.0,10.0,32.0,217.0,25.0,26.0,58.0,1.0,0.0,1.0,1.0,1.0,1.0,1.0,1.0,1.0,1.0,134.0,41.0,530.2490234375
https://zapier.com/blog/best-project-management-software-small-business/,zapier.com,success,4589.0,1.0,14.0,8.0,23.0,213.0,24.0,19.0,128.0,0.0,0.0,0.0,1.0,1.0,1.0,1.0,1.0,1.0,1.0,119.0,59.0,1120.4638671875
https://www.wrike.com/project-management-guide/faq/what-are-project-management-tools/,www.wrike.com,success,14429.0,1.0,10.0,44.0,55.0,410.0,32.0,37.0,204.0,1.0,0.0,1.0,1.0,1.0,1.0,1.0,1.0,1.0,1.0,100.0,68.0,1672.0341796875
https://plaky.com/blog/best-project-management-tools-for-small-teams/,plaky.com,success,7087.0,1.0,26.0,37.0,64.0,207.0,16.0,37.0,130.0,1.0,1.0,1.0,1.0,0.0,1.0,1.0,1.0,1.0,1.0,119.0,56.0,187.0302734375
https://www.paymoapp.com/blog/project-management-software/,www.paymoapp.com,success,17756.0,1.0,8.0,54.0,63.0,637.0,5.0,234.0,226.0,0.0,0.0,1.0,1.0,0.0,1.0,1.0,1.0,1.0,1.0,106.0,55.0,608.5615234375
https://www.ifourtechnolab.com/blog/top-ten-project-management-tools-for-small-to-medium-it-projects,www.ifourtechnolab.com,success,4314.0,1.0,22.0,9.0,32.0,128.0,72.0,113.0,263.0,1.0,0.0,0.0,1.0,0.0,1.0,0.0,1.0,1.0,1.0,177.0,90.0,243.7412109375
https://www.uschamber.com/co/grow/customers/choosing-the-best-crm-software,www.uschamber.com,success,2962.0,1.0,11.0,9.0,21.0,59.0,14.0,12.0,88.0,0.0,0.0,1.0,1.0,0.0,1.0,1.0,1.0,1.0,1.0,119.0,67.0,82.86328125
https://www.creatio.com/glossary/how-to-choose-crm,www.creatio.com,success,3948.0,1.0,7.0,15.0,23.0,62.0,16.0,17.0,65.0,1.0,0.0,1.0,1.0,0.0,1.0,1.0,1.0,1.0,1.0,154.0,56.0,211.3896484375
https://www.salesforce.com/crm/best-crm/,www.salesforce.com,success,4013.0,0.0,0.0,16.0,16.0,73.0,2.0,15.0,100.0,0.0,0.0,0.0,1.0,1.0,1.0,1.0,1.0,1.0,1.0,181.0,51.0,548.7373046875
https://www.zendesk.com/blog/sales/crm-buying-guide/choose-best-crm-business-needs/,www.zendesk.com,success,2733.0,1.0,9.0,14.0,24.0,46.0,17.0,19.0,101.0,1.0,0.0,0.0,1.0,0.0,1.0,0.0,1.0,1.0,1.0,124.0,48.0,697.7939453125
https://www.vested.marketing/blog/guide-to-choosing-the-right-crm-for-your-business,www.vested.marketing,success,2085.0,1.0,5.0,8.0,14.0,50.0,3.0,7.0,98.0,0.0,1.0,0.0,1.0,0.0,1.0,1.0,1.0,1.0,1.0,150.0,49.0,220.6904296875
https://www.pcmag.com/picks/the-best-crm-software,www.pcmag.com,success,5228.0,0.0,23.0,54.0,77.0,75.0,63.0,88.0,246.0,0.0,0.0,1.0,1.0,0.0,1.0,1.0,1.0,1.0,1.0,209.0,51.0,3104.8818359375
https://www.vtiger.com/crm/choosing-a-crm/,www.vtiger.com,success,3401.0,1.0,9.0,28.0,38.0,86.0,11.0,1.0,8.0,1.0,0.0,0.0,1.0,0.0,1.0,1.0,1.0,0.0,1.0,178.0,73.0,170.146484375
https://www.waveapps.com/accounting/freelancers,www.waveapps.com,success,2776.0,2.0,19.0,45.0,66.0,72.0,0.0,92.0,94.0,1.0,0.0,0.0,1.0,1.0,1.0,0.0,0.0,1.0,1.0,154.0,52.0,190.9365234375
https://zapier.com/blog/accounting-bookkeeping-software-freelance/,zapier.com,success,5025.0,1.0,15.0,18.0,34.0,201.0,34.0,39.0,114.0,0.0,0.0,1.0,1.0,1.0,1.0,1.0,1.0,1.0,1.0,104.0,44.0,764.3955078125
https://www.nerdwallet.com/business/software/best/freelancer-accounting-software,www.nerdwallet.com,success,4825.0,0.0,17.0,12.0,29.0,94.0,33.0,51.0,78.0,0.0,0.0,1.0,1.0,1.0,1.0,1.0,1.0,1.0,1.0,216.0,65.0,751.8193359375
https://technologyadvice.com/blog/accounting/best-self-employed-accounting-software/,technologyadvice.com,success,3582.0,1.0,6.0,39.0,46.0,167.0,36.0,13.0,24.0,1.0,0.0,1.0,1.0,0.0,1.0,1.0,1.0,1.0,1.0,142.0,68.0,403.458984375
https://www.deel.com/blog/best-bookkeeping-software-for-freelancers/,www.deel.com,success,1709.0,1.0,8.0,0.0,9.0,112.0,6.0,37.0,38.0,0.0,0.0,0.0,1.0,0.0,1.0,1.0,1.0,1.0,1.0,171.0,69.0,660.095703125
https://www.emailtooltester.com/en/blog/free-email-marketing-services/,www.emailtooltester.com,success,7936.0,0.0,9.0,20.0,29.0,195.0,20.0,52.0,173.0,0.0,0.0,1.0,1.0,0.0,1.0,1.0,1.0,1.0,1.0,135.0,50.0,308.259765625
https://mailtrap.io/blog/email-marketing-platforms-for-startups/,mailtrap.io,success,6807.0,1.0,22.0,16.0,39.0,179.0,40.0,47.0,140.0,1.0,0.0,1.0,1.0,0.0,1.0,1.0,1.0,1.0,1.0,141.0,53.0,504.705078125
https://zapier.com/blog/free-email-marketing-software/,zapier.com,success,3982.0,1.0,16.0,11.0,28.0,215.0,26.0,19.0,114.0,1.0,0.0,0.0,1.0,1.0,1.0,1.0,1.0,1.0,1.0,139.0,57.0,1202.892578125
https://www.lendio.com/guides/email-marketing-platforms,www.lendio.com,success,5789.0,0.0,7.0,48.0,55.0,242.0,4.0,10.0,74.0,0.0,0.0,0.0,1.0,0.0,1.0,1.0,1.0,1.0,1.0,129.0,49.0,233.9169921875
https://www.salesforce.com/marketing/email/best-email-marketing-platform/small-business/,www.salesforce.com,success,2451.0,0.0,0.0,8.0,8.0,43.0,7.0,4.0,24.0,0.0,0.0,0.0,1.0,0.0,1.0,1.0,1.0,1.0,1.0,100.0,69.0,266.2763671875
https://moosend.com/blog/email-marketing-software-for-small-business/,moosend.com,success,4271.0,1.0,19.0,49.0,69.0,123.0,39.0,63.0,159.0,1.0,0.0,1.0,1.0,0.0,1.0,1.0,1.0,1.0,1.0,131.0,60.0,248.412109375
https://thedigitalprojectmanager.com/tools/collaboration-tools-for-remote-teams/,thedigitalprojectmanager.com,success,6208.0,0.0,9.0,22.0,31.0,142.0,58.0,31.0,151.0,0.0,0.0,1.0,1.0,0.0,1.0,1.0,1.0,1.0,1.0,126.0,52.0,575.505859375
https://www.wrike.com/collaborative-work-guide/best-collaboration-tools-software/,www.wrike.com,success,10500.0,1.0,8.0,27.0,36.0,321.0,95.0,34.0,102.0,1.0,0.0,1.0,1.0,0.0,1.0,1.0,1.0,1.0,1.0,153.0,70.0,1515.921875
https://slack.com/blog/collaboration/top-collaboration-tools-remote-work,slack.com,success,1143.0,0.0,5.0,11.0,16.0,27.0,2.0,3.0,35.0,0.0,0.0,1.0,1.0,0.0,1.0,0.0,0.0,1.0,1.0,104.0,47.0,156.001953125
https://www.splashtop.com/blog/remote-collaboration,www.splashtop.com,success,3738.0,1.0,9.0,32.0,42.0,70.0,2.0,18.0,19.0,1.0,0.0,0.0,1.0,0.0,1.0,1.0,1.0,1.0,1.0,156.0,60.0,366.732421875
https://vibe.us/blog/remote-collaboration-tools/?srsltid=AfmBOopBwEVisVjqjqhxs4hMb7daHZI-jr4TbcjXX1n63N-f55HoDF7i,vibe.us,success,3230.0,1.0,8.0,20.0,29.0,57.0,5.0,21.0,89.0,1.0,0.0,1.0,1.0,1.0,1.0,1.0,1.0,1.0,1.0,173.0,74.0,216.359375
https://www.larksuite.com/en_us/blog/best-remote-collaboration-tools,www.larksuite.com,success,4892.0,1.0,7.0,27.0,35.0,128.0,55.0,126.0,434.0,1.0,0.0,1.0,1.0,0.0,1.0,0.0,0.0,0.0,1.0,136.0,61.0,504.4970703125
https://reclaim.ai/blog/collaboration-platforms,reclaim.ai,success,5621.0,1.0,18.0,78.0,97.0,91.0,40.0,99.0,320.0,0.0,0.0,1.0,1.0,0.0,0.0,1.0,0.0,1.0,1.0,170.0,66.0,294.544921875
https://www.zoho.com/us/invoice/,www.zoho.com,success,1166.0,1.0,8.0,28.0,37.0,28.0,7.0,112.0,65.0,1.0,0.0,0.0,1.0,1.0,1.0,0.0,1.0,1.0,1.0,162.0,59.0,211.73828125
https://squareup.com/us/en/invoices,squareup.com,success,1977.0,0.0,11.0,9.0,20.0,111.0,3.0,52.0,42.0,0.0,0.0,1.0,1.0,0.0,1.0,0.0,1.0,1.0,1.0,126.0,32.0,2118.66796875
https://mercury.com/blog/best-invoicing-software-for-startups-small-businesses,mercury.com,success,1947.0,1.0,11.0,22.0,34.0,58.0,10.0,5.0,63.0,1.0,0.0,0.0,1.0,1.0,1.0,1.0,1.0,1.0,1.0,159.0,65.0,1346.8564453125
https://www.waveapps.com/invoicing,www.waveapps.com,success,1800.0,1.0,9.0,33.0,43.0,52.0,3.0,45.0,58.0,1.0,0.0,1.0,1.0,1.0,1.0,0.0,1.0,1.0,1.0,151.0,59.0,148.716796875
https://www.cnbc.com/select/best-invoicing-software-for-small-businesses/,www.cnbc.com,success,1877.0,0.0,14.0,8.0,22.0,34.0,18.0,8.0,98.0,1.0,0.0,1.0,1.0,1.0,1.0,1.0,1.0,1.0,1.0,120.0,61.0,768.3369140625
https://invoiceninja.com/,invoiceninja.com,success,946.0,1.0,7.0,18.0,26.0,38.0,8.0,2.0,34.0,0.0,0.0,1.0,1.0,1.0,1.0,0.0,1.0,1.0,1.0,1.0,58.0,147.244140625
https://invoicely.com/,invoicely.com,success,426.0,9.0,1.0,1.0,11.0,8.0,11.0,22.0,11.0,0.0,0.0,1.0,1.0,1.0,1.0,1.0,0.0,0.0,1.0,148.0,54.0,41.1279296875
https://www.salesforce.com/blog/small-business/help-desk-software-startups/,www.salesforce.com,success,2867.0,0.0,13.0,14.0,27.0,42.0,18.0,37.0,118.0,1.0,1.0,1.0,1.0,0.0,1.0,0.0,1.0,1.0,1.0,135.0,53.0,208.9697265625
https://www.helpdesk.com/industries/startups-help-desk/,www.helpdesk.com,success,2097.0,1.0,10.0,18.0,29.0,38.0,3.0,24.0,21.0,0.0,0.0,0.0,1.0,0.0,1.0,0.0,1.0,1.0,1.0,134.0,58.0,124.91796875
https://www.getmacha.com/blog/best-help-desk-for-startups,www.getmacha.com,success,4856.0,1.0,9.0,13.0,23.0,167.0,11.0,60.0,45.0,1.0,0.0,1.0,1.0,1.0,1.0,1.0,1.0,1.0,1.0,197.0,52.0,205.5966796875
https://crisp.chat/en/blog/best-9-helpdesk-ticketing-system/,crisp.chat,success,2955.0,0.0,8.0,13.0,21.0,105.0,37.0,47.0,85.0,1.0,0.0,0.0,1.0,1.0,1.0,1.0,1.0,1.0,1.0,192.0,63.0,352.146484375
https://unthread.io/blog/help-desk-software-startups/,unthread.io,success,2350.0,0.0,18.0,53.0,71.0,56.0,18.0,3.0,14.0,1.0,0.0,1.0,1.0,0.0,1.0,1.0,1.0,1.0,1.0,155.0,44.0,47.9970703125
https://help-desk-migration.com/the-best-help-desk-for-startups/,help-desk-migration.com,success,2052.0,1.0,3.0,5.0,9.0,46.0,3.0,11.0,53.0,0.0,1.0,0.0,1.0,1.0,1.0,1.0,1.0,1.0,1.0,126.0,65.0,142.255859375
https://www.bolddesk.com/startups,www.bolddesk.com,success,597.0,1.0,6.0,0.0,7.0,21.0,6.0,9.0,17.0,0.0,1.0,1.0,1.0,0.0,1.0,0.0,1.0,1.0,1.0,137.0,52.0,638.537109375
https://www.donkey.support/blog/best-small-business-help-desk-software,www.donkey.support,success,2198.0,1.0,11.0,7.0,19.0,23.0,8.0,2.0,7.0,1.0,0.0,0.0,1.0,0.0,1.0,1.0,1.0,1.0,1.0,160.0,60.0,118.5966796875
https://www.xurrent.com/blog/best-help-desk-solutions,www.xurrent.com,success,1002.0,1.0,1.0,31.0,33.0,44.0,1.0,44.0,93.0,0.0,0.0,1.0,1.0,1.0,1.0,1.0,1.0,1.0,1.0,159.0,67.0,172.2275390625
https://zapier.com/blog/best-ecommerce-shopping-cart-software/,zapier.com,success,6136.0,1.0,14.0,7.0,22.0,202.0,21.0,17.0,137.0,0.0,1.0,1.0,1.0,1.0,1.0,1.0,1.0,1.0,1.0,151.0,55.0,1100.279296875
https://www.bigcommerce.com/articles/ecommerce/ecommerce-platforms/,www.bigcommerce.com,success,6620.0,1.0,7.0,38.0,46.0,440.0,71.0,7.0,77.0,1.0,1.0,1.0,1.0,1.0,1.0,1.0,1.0,1.0,1.0,137.0,54.0,712.826171875
https://www.mrpeasy.com/blog/best-ecommerce-platforms/,www.mrpeasy.com,success,4530.0,1.0,16.0,33.0,50.0,96.0,18.0,15.0,55.0,1.0,1.0,1.0,1.0,0.0,1.0,1.0,1.0,1.0,1.0,135.0,59.0,133.744140625
https://businesswith.com/e-commerce-platform/,businesswith.com,success,5005.0,0.0,5.0,1.0,6.0,213.0,1.0,254.0,114.0,0.0,0.0,0.0,1.0,0.0,0.0,1.0,1.0,1.0,1.0,106.0,51.0,635.6923828125
https://technologyadvice.com/blog/sales/best-ecommerce-platforms/,technologyadvice.com,success,12260.0,1.0,5.0,63.0,69.0,351.0,61.0,48.0,69.0,1.0,0.0,1.0,1.0,0.0,1.0,1.0,1.0,1.0,1.0,133.0,51.0,741.33203125
https://elementor.com/blog/best-ecommerce-platforms/,elementor.com,success,5193.0,1.0,10.0,21.0,32.0,108.0,58.0,11.0,51.0,1.0,0.0,1.0,1.0,0.0,1.0,1.0,1.0,1.0,1.0,309.0,71.0,971.3310546875
https://my.clevelandclinic.org/health/diseases/4335-influenza-flu,my.clevelandclinic.org,success,2630.0,1.0,9.0,26.0,36.0,53.0,12.0,7.0,68.0,0.0,1.0,0.0,1.0,0.0,1.0,1.0,1.0,1.0,1.0,163.0,52.0,362.3740234375
https://www.nhsinform.scot/illnesses-and-conditions/infections-and-poisoning/flu/,www.nhsinform.scot,success,1073.0,1.0,15.0,7.0,23.0,47.0,10.0,3.0,30.0,0.0,0.0,0.0,1.0,0.0,1.0,1.0,1.0,1.0,1.0,111.0,16.0,273.8017578125
https://www.nhs.uk/conditions/flu/,www.nhs.uk,success,800.0,1.0,7.0,6.0,14.0,33.0,7.0,0.0,14.0,0.0,0.0,0.0,1.0,0.0,1.0,0.0,1.0,1.0,1.0,93.0,11.0,42.662109375
https://www.osfhealthcare.org/services/specialties/primary-care/vaccines/flu,www.osfhealthcare.org,success,991.0,1.0,9.0,8.0,18.0,27.0,8.0,1.0,42.0,1.0,1.0,0.0,1.0,0.0,0.0,0.0,0.0,1.0,1.0,150.0,70.0,118.837890625
https://carrborofamilymedicine.net/recognize-flu-symptoms,carrborofamilymedicine.net,success,1489.0,1.0,3.0,4.0,8.0,26.0,2.0,15.0,45.0,0.0,0.0,0.0,1.0,0.0,0.0,0.0,1.0,1.0,1.0,128.0,35.0,175.052734375
https://www.healthline.com/health/influenza/what-to-do-first-sign,www.healthline.com,success,1634.0,1.0,6.0,4.0,11.0,23.0,21.0,18.0,140.0,0.0,0.0,1.0,1.0,0.0,1.0,1.0,1.0,1.0,1.0,184.0,50.0,436.8134765625
https://www.tylenol.com/adult-relief/cold-flu/cold-or-flu,www.tylenol.com,success,1724.0,1.0,10.0,16.0,27.0,111.0,6.0,13.0,30.0,1.0,0.0,0.0,1.0,0.0,1.0,0.0,1.0,1.0,1.0,169.0,61.0,652.251953125
https://www.nm.org/healthbeat/healthy-tips/foods-that-can-lower-your-blood-pressure-naturally,www.nm.org,success,1874.0,2.0,3.0,7.0,12.0,32.0,12.0,10.0,28.0,0.0,0.0,1.0,1.0,0.0,1.0,1.0,1.0,1.0,1.0,132.0,74.0,100.947265625
https://healthcare.utah.edu/cardiovascular/conditions/hypertension/how-to-lower-high-blood-pressure,healthcare.utah.edu,success,1671.0,2.0,6.0,40.0,48.0,58.0,9.0,34.0,125.0,0.0,0.0,0.0,1.0,0.0,0.0,0.0,0.0,1.0,0.0,0.0,55.0,138.0244140625
https://www.ncoa.org/article/10-foods-that-help-lower-blood-pressure-naturally/,www.ncoa.org,success,1652.0,0.0,10.0,7.0,17.0,26.0,5.0,4.0,29.0,0.0,0.0,0.0,1.0,1.0,1.0,1.0,0.0,1.0,1.0,146.0,61.0,157.556640625
https://www.healthline.com/nutrition/17-tips-to-sleep-better,www.healthline.com,success,2679.0,1.0,17.0,6.0,24.0,68.0,18.0,17.0,215.0,1.0,0.0,1.0,1.0,0.0,1.0,1.0,1.0,1.0,1.0,124.0,35.0,488.6806640625
https://www.nhs.uk/every-mind-matters/mental-wellbeing-tips/how-to-fall-asleep-faster-and-sleep-better/,www.nhs.uk,success,848.0,1.0,6.0,13.0,20.0,29.0,3.0,11.0,10.0,0.0,0.0,0.0,1.0,1.0,1.0,0.0,0.0,1.0,1.0,137.0,62.0,54.3603515625
https://www.health.harvard.edu/newsletter_article/8-secrets-to-a-good-nights-sleep,www.health.harvard.edu,success,1618.0,0.0,12.0,4.0,16.0,51.0,1.0,30.0,39.0,0.0,0.0,1.0,1.0,1.0,1.0,0.0,1.0,1.0,1.0,75.0,50.0,193.9365234375
https://health.clevelandclinic.org/how-to-get-better-sleep,health.clevelandclinic.org,success,2550.0,1.0,5.0,24.0,30.0,76.0,1.0,30.0,136.0,0.0,0.0,1.0,1.0,0.0,1.0,1.0,1.0,1.0,1.0,152.0,32.0,401.0234375
https://www.healthhub.sg/well-being-and-lifestyle/personal-care/are-you-getting-quality-sleep,www.healthhub.sg,success,1273.0,1.0,9.0,1.0,11.0,35.0,9.0,9.0,40.0,0.0,0.0,0.0,1.0,0.0,1.0,1.0,1.0,1.0,1.0,215.0,31.0,164.4384765625
https://www.healthylongevity.clinic/blog/how-to-improve-sleep-quality,www.healthylongevity.clinic,success,5549.0,6.0,46.0,5.0,57.0,206.0,32.0,63.0,108.0,1.0,0.0,1.0,1.0,0.0,1.0,1.0,0.0,1.0,1.0,276.0,53.0,149.814453125
https://medlineplus.gov/healthysleep.html,medlineplus.gov,success,1667.0,1.0,21.0,10.0,32.0,22.0,29.0,26.0,124.0,0.0,0.0,0.0,1.0,0.0,0.0,0.0,1.0,1.0,1.0,165.0,27.0,124.650390625
https://www.health.harvard.edu/healthy-aging-and-longevity/how-to-boost-your-immune-system,www.health.harvard.edu,success,2134.0,0.0,12.0,4.0,16.0,57.0,1.0,31.0,44.0,0.0,0.0,1.0,1.0,1.0,1.0,0.0,1.0,1.0,1.0,185.0,48.0,188.0078125
https://www.brownhealth.org/be-well/foods-boost-your-immune-system,www.brownhealth.org,success,1391.0,1.0,7.0,8.0,16.0,13.0,3.0,8.0,30.0,0.0,0.0,0.0,1.0,0.0,1.0,0.0,0.0,1.0,1.0,58.0,59.0,113.52734375
https://www.mdanderson.org/cancerwise/6-simple-ways-to-boost-your-immune-system.h00-159781968.html,www.mdanderson.org,success,1215.0,1.0,7.0,9.0,17.0,39.0,3.0,0.0,70.0,0.0,0.0,0.0,1.0,0.0,1.0,1.0,1.0,1.0,1.0,110.0,58.0,161.04296875
https://pmc.ncbi.nlm.nih.gov/articles/PMC10630845/,pmc.ncbi.nlm.nih.gov,success,13463.0,1.0,22.0,31.0,54.0,59.0,6.0,30.0,521.0,0.0,0.0,0.0,1.0,0.0,1.0,0.0,0.0,0.0,1.0,251.0,78.0,283.1962890625
https://www.spirehealthcare.com/health-hub/specialties/lifestyle-management/10-foods-that-can-help-boost-your-immune-system/,www.spirehealthcare.com,success,1665.0,1.0,11.0,1.0,13.0,50.0,1.0,3.0,23.0,0.0,0.0,0.0,1.0,0.0,1.0,0.0,1.0,0.0,0.0,0.0,66.0,52.7236328125
https://www.zarbees.ie/articles/ways-to-support-immune-system,www.zarbees.ie,success,1129.0,1.0,9.0,1.0,11.0,40.0,3.0,6.0,4.0,0.0,0.0,0.0,1.0,0.0,0.0,0.0,1.0,1.0,1.0,151.0,52.0,212.5400390625
https://www.scripps.org/news_items/3239-why-do-i-get-frequent-headaches,www.scripps.org,success,1296.0,1.0,0.0,0.0,1.0,76.0,8.0,2.0,10.0,0.0,0.0,0.0,1.0,0.0,1.0,1.0,1.0,1.0,1.0,114.0,68.0,107.11328125
https://www.medicalnewstoday.com/articles/326091,www.medicalnewstoday.com,success,1695.0,1.0,4.0,10.0,15.0,54.0,19.0,4.0,135.0,0.0,0.0,1.0,1.0,0.0,1.0,1.0,1.0,1.0,1.0,161.0,50.0,305.2763671875
https://www.health.harvard.edu/diseases-and-conditions/top-7-reasons-you-have-a-headache,www.health.harvard.edu,success,1520.0,0.0,12.0,4.0,16.0,53.0,2.0,32.0,48.0,0.0,0.0,1.0,1.0,1.0,1.0,0.0,1.0,1.0,1.0,110.0,50.0,195.1103515625
https://piedmonthealth.org/what-causes-frequent-headaches/,piedmonthealth.org,success,664.0,1.0,6.0,0.0,7.0,17.0,4.0,1.0,24.0,0.0,0.0,0.0,1.0,0.0,1.0,1.0,1.0,1.0,1.0,152.0,57.0,189.90625
https://www.health.harvard.edu/heart-health/how-to-lower-your-cholesterol-without-drugs,www.health.harvard.edu,success,1429.0,0.0,9.0,3.0,12.0,48.0,0.0,30.0,43.0,0.0,0.0,1.0,1.0,1.0,1.0,0.0,1.0,1.0,1.0,236.0,55.0,190.541015625
https://www.bhf.org.uk/informationsupport/heart-matters-magazine/medical/cholesterol-lowering-alternatives,www.bhf.org.uk,success,1446.0,1.0,8.0,5.0,14.0,47.0,4.0,13.0,28.0,0.0,0.0,0.0,1.0,0.0,1.0,1.0,1.0,1.0,1.0,100.0,59.0,115.5322265625
https://www.nhs.uk/conditions/high-cholesterol/how-to-lower-your-cholesterol/,www.nhs.uk,success,367.0,1.0,2.0,4.0,7.0,12.0,6.0,0.0,6.0,0.0,0.0,0.0,1.0,0.0,1.0,0.0,1.0,1.0,1.0,90.0,56.0,34.146484375
https://pmc.ncbi.nlm.nih.gov/articles/PMC1312230/,pmc.ncbi.nlm.nih.gov,success,4939.0,1.0,15.0,5.0,21.0,32.0,6.0,27.0,139.0,0.0,0.0,1.0,1.0,0.0,1.0,0.0,0.0,0.0,1.0,248.0,92.0,144.3837890625
https://coscardiology.com/how-to-reduce-cholesterol-naturally/,coscardiology.com,success,1380.0,1.0,12.0,9.0,22.0,52.0,28.0,1.0,3.0,0.0,0.0,1.0,1.0,0.0,1.0,0.0,1.0,1.0,1.0,141.0,65.0,225.7080078125
https://medlineplus.gov/howtolowercholesterolwithdiet.html,medlineplus.gov,success,1382.0,1.0,9.0,3.0,13.0,19.0,8.0,7.0,78.0,0.0,0.0,1.0,1.0,1.0,0.0,0.0,1.0,1.0,1.0,147.0,47.0,73.134765625
https://health.clevelandclinic.org/how-to-lower-cholesterol,health.clevelandclinic.org,success,1825.0,1.0,7.0,19.0,27.0,60.0,3.0,30.0,111.0,0.0,0.0,1.0,1.0,0.0,1.0,1.0,1.0,1.0,1.0,141.0,27.0,364.55078125
https://www.health.harvard.edu/diet-and-nutrition/best-vitamins-and-minerals-for-energy,www.health.harvard.edu,success,1476.0,0.0,5.0,7.0,12.0,55.0,0.0,30.0,49.0,0.0,0.0,1.0,1.0,1.0,1.0,1.0,1.0,1.0,1.0,170.0,54.0,191.126953125
https://www.joinmidi.com/post/vitamins-for-energy-for-women,www.joinmidi.com,success,4076.0,1.0,12.0,13.0,26.0,93.0,10.0,10.0,40.0,1.0,0.0,0.0,1.0,0.0,1.0,1.0,1.0,1.0,1.0,162.0,58.0,378.041015625
https://www.webmd.com/sleep-disorders/supplements-and-energy-what-to-know,www.webmd.com,success,1959.0,0.0,10.0,3.0,13.0,43.0,8.0,19.0,136.0,0.0,0.0,1.0,1.0,0.0,1.0,1.0,1.0,1.0,1.0,136.0,36.0,660.7373046875
https://www.oakstreethealth.com/8-minerals-and-vitamins-for-energy-2361500,www.oakstreethealth.com,success,2325.0,1.0,15.0,16.0,32.0,45.0,18.0,30.0,71.0,1.0,0.0,1.0,1.0,0.0,1.0,1.0,1.0,1.0,1.0,168.0,54.0,204.064453125
https://www.lifeextension.com/wellness/supplements/10-vitamins-and-supplements-for-energy?srsltid=AfmBOorWsVqqFf0vflbu5M2NNoN-p426yYig7NkiI3HUMj5rSnrQnISF,www.lifeextension.com,success,3684.0,1.0,23.0,42.0,66.0,52.0,17.0,21.0,66.0,1.0,0.0,1.0,1.0,1.0,1.0,1.0,1.0,1.0,1.0,157.0,57.0,183.2578125
https://www.ulta.com/discover/beauty-education/best-vitamins-for-energy,www.ulta.com,success,2443.0,1.0,1.0,22.0,24.0,56.0,0.0,7.0,21.0,1.0,0.0,0.0,1.0,1.0,1.0,1.0,1.0,1.0,1.0,155.0,55.0,1251.0341796875
https://health.clevelandclinic.org/how-to-manage-spring-allergies,health.clevelandclinic.org,success,2018.0,1.0,6.0,22.0,29.0,66.0,3.0,30.0,118.0,0.0,0.0,0.0,1.0,0.0,1.0,1.0,1.0,1.0,1.0,146.0,25.0,376.958984375
https://www.cbwchc.org/news/guide-to-managing-seasonal-allergies,www.cbwchc.org,success,1903.0,1.0,16.0,13.0,30.0,40.0,9.0,20.0,76.0,1.0,0.0,1.0,1.0,0.0,1.0,1.0,0.0,1.0,1.0,154.0,48.0,140.212890625
https://www.colorado.edu/studentlife/summer-allergies,www.colorado.edu,success,787.0,1.0,7.0,7.0,15.0,24.0,33.0,2.0,19.0,0.0,0.0,0.0,1.0,0.0,1.0,1.0,0.0,1.0,1.0,203.0,95.0,31.212890625
https://www.zyrtec.com/allergy-guide/understanding-allergies/treatment/what-helps-with-allergies-at-home,www.zyrtec.com,success,1398.0,1.0,12.0,10.0,23.0,52.0,2.0,19.0,60.0,1.0,0.0,1.0,1.0,0.0,1.0,0.0,1.0,1.0,1.0,157.0,59.0,514.134765625
https://utswmed.org/medblog/seasonal-allergy-relief-pollen/,utswmed.org,success,1661.0,1.0,7.0,11.0,19.0,61.0,12.0,19.0,67.0,0.0,0.0,0.0,1.0,0.0,1.0,1.0,0.0,1.0,1.0,144.0,123.0,101.2666015625
https://www.cigna.com/knowledge-center/natural-remedies-for-seasonal-allergies,www.cigna.com,success,1113.0,1.0,6.0,3.0,10.0,18.0,7.0,0.0,74.0,0.0,0.0,0.0,1.0,0.0,0.0,0.0,1.0,0.0,1.0,151.0,58.0,190.2041015625
https://myhealth.alberta.ca/Health/aftercareinformation/pages/conditions.aspx?hwid=abk1357,myhealth.alberta.ca,success,701.0,2.0,4.0,1.0,7.0,17.0,8.0,15.0,61.0,1.0,0.0,0.0,1.0,1.0,1.0,0.0,0.0,1.0,0.0,0.0,47.0,76.0712890625
https://emersonhealth.org/tips-and-remedies-for-allergy-season/,emersonhealth.org,success,1012.0,0.0,5.0,7.0,12.0,33.0,3.0,4.0,6.0,1.0,0.0,0.0,1.0,0.0,1.0,0.0,1.0,1.0,1.0,155.0,53.0,71.759765625
https://www.webmd.com/diabetes/understanding-diabetes-symptoms,www.webmd.com,success,1909.0,0.0,8.0,3.0,11.0,51.0,17.0,20.0,116.0,0.0,0.0,0.0,1.0,0.0,1.0,1.0,1.0,1.0,1.0,164.0,23.0,679.189453125
https://diabetes.org/about-diabetes/warning-signs-symptoms,diabetes.org,success,421.0,1.0,6.0,5.0,12.0,15.0,1.0,11.0,18.0,0.0,0.0,0.0,1.0,0.0,0.0,0.0,1.0,0.0,1.0,177.0,65.0,165.560546875
https://www.jackson-hospital.com/10-early-signs-of-diabetes-you-shouldnt-ignore/,www.jackson-hospital.com,success,1008.0,1.0,5.0,1.0,7.0,9.0,13.0,1.0,24.0,1.0,1.0,0.0,1.0,0.0,1.0,0.0,1.0,1.0,1.0,115.0,86.0,274.78515625
https://www.uhc.com/news-articles/healthy-living/what-are-the-early-warning-signs-of-diabetes,www.uhc.com,success,1059.0,1.0,7.0,2.0,10.0,25.0,4.0,5.0,12.0,0.0,1.0,1.0,1.0,0.0,1.0,0.0,1.0,1.0,1.0,209.0,64.0,79.56640625
https://www.niddk.nih.gov/health-information/diabetes/overview/symptoms-causes,www.niddk.nih.gov,success,2444.0,1.0,6.0,10.0,17.0,44.0,14.0,2.0,87.0,0.0,0.0,1.0,1.0,0.0,0.0,0.0,1.0,1.0,1.0,156.0,37.0,63.3291015625
https://www.mdanderson.org/cancerwise/how-to-reduce-inflammation-in-the-body.h00-159853767.html,www.mdanderson.org,success,1580.0,1.0,5.0,20.0,26.0,48.0,9.0,0.0,61.0,0.0,0.0,0.0,1.0,0.0,1.0,1.0,1.0,1.0,1.0,218.0,65.0,161.9580078125
https://www.health.harvard.edu/healthy-aging-and-longevity/foods-that-fight-inflammation,www.health.harvard.edu,success,1473.0,0.0,8.0,5.0,13.0,53.0,3.0,33.0,47.0,0.0,0.0,1.0,1.0,1.0,1.0,1.0,1.0,1.0,1.0,182.0,46.0,195.2431640625
https://my.clevelandclinic.org/health/symptoms/21660-inflammation,my.clevelandclinic.org,success,2149.0,1.0,5.0,15.0,21.0,46.0,11.0,7.0,106.0,0.0,1.0,0.0,1.0,0.0,1.0,1.0,1.0,1.0,1.0,161.0,47.0,363.3896484375
https://www.va.gov/WHOLEHEALTHLIBRARY/tools/Eating_to_Reduce_Inflammation.asp,www.va.gov,success,2624.0,3.0,8.0,0.0,11.0,28.0,40.0,15.0,209.0,1.0,0.0,1.0,1.0,0.0,1.0,0.0,0.0,1.0,1.0,164.0,52.0,80.3740234375
https://health.ucdavis.edu/blog/good-food/9-healthy-eating-tips-that-can-help-reduce-inflammation/2023/11,health.ucdavis.edu,success,1405.0,0.0,8.0,9.0,17.0,36.0,4.0,8.0,36.0,0.0,1.0,1.0,1.0,0.0,1.0,0.0,1.0,1.0,1.0,170.0,102.0,43.9501953125
https://www.nytimes.com/wirecutter/reviews/best-laptops-for-college-students/,www.nytimes.com,success,3025.0,0.0,15.0,12.0,27.0,62.0,1.0,36.0,96.0,0.0,0.0,0.0,1.0,1.0,1.0,1.0,1.0,1.0,1.0,153.0,71.0,446.044921875
https://www.wired.com/story/best-college-laptops/,www.wired.com,success,3582.0,0.0,10.0,8.0,18.0,73.0,7.0,40.0,137.0,0.0,0.0,1.0,1.0,0.0,1.0,1.0,1.0,1.0,1.0,146.0,69.0,1770.5673828125
https://www.pcmag.com/picks/the-best-laptops-for-college-students,www.pcmag.com,success,9190.0,0.0,24.0,53.0,77.0,107.0,63.0,183.0,305.0,0.0,0.0,1.0,1.0,1.0,1.0,1.0,1.0,1.0,1.0,182.0,66.0,3737.4853515625
https://www.tomshardware.com/best-picks/best-college-laptops,www.tomshardware.com,success,3814.0,0.0,2.0,16.0,18.0,79.0,6.0,66.0,176.0,0.0,0.0,0.0,1.0,1.0,1.0,0.0,1.0,1.0,1.0,36.0,90.0,2146.7490234375
https://www.backmarket.com/en-us/c/laptops/best-student-laptop-discounts?srsltid=AfmBOorZLkV_OsOIWwQrOdlbc0Yx8Q4aKUO8uXSkbBC5F0vmHLi03F-J,www.backmarket.com,success,5761.0,1.0,9.0,58.0,68.0,450.0,12.0,63.0,100.0,1.0,0.0,1.0,1.0,1.0,1.0,1.0,1.0,1.0,1.0,158.0,61.0,1243.6103515625
https://www.rtings.com/laptop/reviews/best/by-usage/college,www.rtings.com,success,197.0,0.0,0.0,0.0,0.0,0.0,1.0,0.0,56.0,0.0,0.0,0.0,1.0,0.0,1.0,1.0,1.0,1.0,1.0,191.0,51.0,317.140625
https://towardsdatascience.com/how-to-learn-python-so-fast-it-feels-like-cheating/,towardsdatascience.com,success,1916.0,0.0,20.0,0.0,20.0,108.0,8.0,11.0,69.0,1.0,0.0,1.0,1.0,1.0,1.0,1.0,1.0,1.0,1.0,48.0,95.0,143.16796875
https://www.coursera.org/learn/python-for-applied-data-science-ai,www.coursera.org,success,3219.0,2.0,11.0,26.0,39.0,86.0,27.0,21.0,26.0,1.0,0.0,1.0,1.0,1.0,1.0,0.0,1.0,1.0,1.0,160.0,52.0,1078.96484375
https://www.codecademy.com/learn/paths/learn-python-for-data-science,www.codecademy.com,success,1198.0,1.0,12.0,18.0,31.0,13.0,17.0,14.0,25.0,0.0,0.0,0.0,1.0,0.0,1.0,0.0,1.0,1.0,1.0,122.0,42.0,377.1630859375
https://cognitiveclass.ai/courses/python-for-data-science,cognitiveclass.ai,success,575.0,5.0,1.0,1.0,7.0,26.0,8.0,4.0,9.0,0.0,0.0,0.0,1.0,0.0,1.0,0.0,1.0,1.0,1.0,300.0,48.0,73.91796875
https://learn.microsoft.com/en-us/training/modules/explore-analyze-data-with-python/,learn.microsoft.com,success,196.0,1.0,3.0,0.0,4.0,5.0,5.0,2.0,13.0,0.0,0.0,0.0,1.0,0.0,1.0,0.0,0.0,1.0,1.0,173.0,65.0,39.9619140625
https://www.datacamp.com/courses/intro-to-python-for-data-science,www.datacamp.com,success,1525.0,0.0,16.0,13.0,29.0,14.0,5.0,7.0,74.0,1.0,1.0,1.0,1.0,1.0,1.0,0.0,1.0,1.0,1.0,145.0,52.0,521.26953125
https://recordingnow.com/blog/best-noise-cancelling-headphones/,recordingnow.com,success,4366.0,1.0,13.0,24.0,38.0,207.0,8.0,48.0,211.0,0.0,0.0,1.0,1.0,0.0,1.0,1.0,1.0,1.0,1.0,112.0,51.0,397.0390625
https://www.nytimes.com/wirecutter/reviews/best-noise-cancelling-headphones/,www.nytimes.com,success,9069.0,1.0,21.0,24.0,46.0,154.0,6.0,62.0,183.0,0.0,0.0,0.0,1.0,0.0,1.0,1.0,1.0,1.0,1.0,129.0,70.0,671.0068359375
https://www.rtings.com/headphones/reviews/best/by-feature/noise-cancelling,www.rtings.com,success,178.0,0.0,0.0,0.0,0.0,0.0,1.0,0.0,56.0,0.0,0.0,0.0,1.0,0.0,1.0,1.0,1.0,1.0,1.0,131.0,59.0,317.4189453125
https://www.cnet.com/tech/mobile/best-noise-canceling-headphones/,www.cnet.com,success,12000.0,0.0,40.0,51.0,91.0,232.0,79.0,128.0,223.0,1.0,0.0,0.0,1.0,1.0,1.0,1.0,1.0,1.0,1.0,138.0,40.0,1567.1796875
https://www.whathifi.com/best-buys/headphones/best-noise-cancelling-headphones,www.whathifi.com,success,7427.0,0.0,1.0,26.0,27.0,206.0,9.0,144.0,363.0,0.0,0.0,1.0,1.0,1.0,1.0,1.0,1.0,1.0,1.0,52.0,104.0,2532.5341796875
https://www.soundguys.com/best-noise-cancelling-headphones-for-work-76177/,www.soundguys.com,success,3201.0,1.0,12.0,7.0,20.0,35.0,2.0,21.0,76.0,1.0,0.0,1.0,1.0,0.0,1.0,1.0,1.0,1.0,1.0,107.0,60.0,229.0517578125
https://www.theverge.com/21420196/best-budget-smartphone-cheap,www.theverge.com,success,3499.0,1.0,11.0,15.0,27.0,69.0,19.0,41.0,132.0,0.0,0.0,0.0,1.0,0.0,1.0,1.0,1.0,1.0,1.0,161.0,42.0,538.0458984375
https://www.cnet.com/tech/mobile/best-cheap-phone/,www.cnet.com,success,3862.0,0.0,21.0,17.0,38.0,71.0,35.0,38.0,123.0,1.0,0.0,0.0,1.0,0.0,1.0,1.0,1.0,1.0,1.0,112.0,81.0,641.2998046875
https://www.androidcentral.com/best-cheap-android-phones,www.androidcentral.com,success,7331.0,0.0,4.0,25.0,29.0,340.0,7.0,61.0,275.0,1.0,0.0,1.0,1.0,1.0,1.0,0.0,1.0,1.0,1.0,147.0,99.0,2270.7568359375
https://bandicootlab.com/guide/best-phones-under-500,bandicootlab.com,success,1528.0,0.0,5.0,10.0,15.0,55.0,0.0,20.0,51.0,0.0,0.0,1.0,1.0,0.0,1.0,1.0,1.0,1.0,1.0,117.0,38.0,162.96484375
https://www.pcmag.com/picks/the-best-cheap-phones,www.pcmag.com,success,3915.0,0.0,13.0,34.0,47.0,54.0,41.0,64.0,215.0,0.0,0.0,1.0,1.0,0.0,1.0,1.0,1.0,1.0,1.0,185.0,51.0,1817.2646484375
https://www.notebookcheck.net/Ranking-Best-smartphones-for-under-500-dollars-euros.280714.0.html,www.notebookcheck.net,success,6084.0,0.0,14.0,3.0,17.0,35.0,0.0,43.0,330.0,0.0,0.0,1.0,1.0,1.0,1.0,1.0,1.0,1.0,1.0,211.0,76.0,367.23828125
https://support.microsoft.com/en-us/windows/experience/performance-optimization/tips-to-improve-pc-performance-in-windows,support.microsoft.com,success,2187.0,1.0,28.0,0.0,29.0,68.0,32.0,8.0,14.0,0.0,0.0,0.0,1.0,0.0,1.0,0.0,0.0,0.0,1.0,77.0,61.0,126.068359375
https://www.dell.com/support/contents/en-us/article/product-support/self-support-knowledgebase/fix-common-issues/system-performance,www.dell.com,success,2388.0,1.0,5.0,15.0,21.0,48.0,41.0,18.0,26.0,1.0,0.0,1.0,1.0,1.0,1.0,0.0,1.0,0.0,0.0,0.0,75.0,174.7099609375
https://www.hp.com/us-en/tech-takes/desktops/troubleshooting/how-to-speed-up-a-slow-pc.html,www.hp.com,success,2110.0,1.0,10.0,21.0,32.0,81.0,11.0,4.0,150.0,1.0,0.0,1.0,1.0,0.0,1.0,1.0,1.0,1.0,1.0,209.0,83.0,226.359375
https://techcommunity.microsoft.com/discussions/windows10space/best-way-to-speed-up-my-windows-10-pc-as-running-very-slow/4482995,techcommunity.microsoft.com,success,157.0,1.0,1.0,0.0,2.0,3.0,0.0,1.0,2.0,0.0,0.0,0.0,1.0,0.0,1.0,1.0,1.0,1.0,1.0,159.0,84.0,357.814453125
https://campus.collegeforcreativestudies.edu/its/tips-to-speed-up-a-slow-computer/,campus.collegeforcreativestudies.edu,success,656.0,0.0,1.0,0.0,1.0,19.0,0.0,0.0,3.0,0.0,0.0,0.0,1.0,0.0,0.0,0.0,0.0,0.0,0.0,0.0,66.0,43.9150390625
https://www.pcmag.com/picks/the-best-vpn-services,www.pcmag.com,success,11274.0,0.0,34.0,56.0,90.0,164.0,61.0,92.0,303.0,0.0,1.0,1.0,1.0,1.0,1.0,1.0,1.0,1.0,1.0,166.0,51.0,3657.27734375
https://myvegantravels.com/travel-tips/best-vpns/,myvegantravels.com,success,1879.0,1.0,6.0,9.0,16.0,50.0,9.0,38.0,63.0,0.0,0.0,1.0,1.0,0.0,1.0,1.0,1.0,1.0,1.0,266.0,70.0,254.0810546875
https://www.passwordmanager.com/best-vpn/,www.passwordmanager.com,success,7887.0,1.0,6.0,26.0,33.0,148.0,49.0,248.0,56.0,1.0,0.0,0.0,1.0,0.0,1.0,1.0,1.0,1.0,1.0,117.0,44.0,323.79296875
https://thebestvpn.com/best-vpn-usa/,thebestvpn.com,success,3396.0,1.0,7.0,8.0,16.0,87.0,18.0,22.0,106.0,1.0,0.0,1.0,1.0,0.0,1.0,1.0,1.0,1.0,1.0,133.0,46.0,352.8125
https://allaboutcookies.org/best-vpn-services,allaboutcookies.org,success,15146.0,1.0,21.0,57.0,79.0,285.0,35.0,206.0,312.0,1.0,0.0,1.0,1.0,1.0,1.0,1.0,1.0,1.0,1.0,161.0,100.0,791.3466796875
https://www.top10vpn.com/best-vpn/,www.top10vpn.com,success,10721.0,1.0,10.0,33.0,44.0,369.0,73.0,166.0,179.0,1.0,1.0,1.0,1.0,1.0,1.0,1.0,1.0,1.0,1.0,139.0,53.0,520.447265625
https://www.techradar.com/vpn/best-vpn,www.techradar.com,success,13409.0,0.0,19.0,31.0,50.0,554.0,8.0,101.0,637.0,0.0,0.0,1.0,1.0,1.0,1.0,1.0,1.0,1.0,1.0,102.0,37.0,2602.7509765625
https://consumer.ftc.gov/articles/protect-your-personal-information-hackers-and-scammers,consumer.ftc.gov,success,982.0,1.0,5.0,3.0,9.0,21.0,7.0,5.0,39.0,0.0,0.0,0.0,1.0,0.0,1.0,0.0,0.0,1.0,1.0,187.0,77.0,480.3798828125
https://www.chubb.com/us-en/individuals-families/resources/6-ways-to-protect-yourself-from-hackers.html,www.chubb.com,success,716.0,1.0,8.0,4.0,13.0,10.0,1.0,7.0,13.0,0.0,0.0,0.0,1.0,0.0,1.0,0.0,0.0,1.0,1.0,93.0,61.0,304.220703125
https://privacy.ca.gov/2025/11/steps-to-better-protect-your-personal-information-from-hackers-breaches-and-other-harms/,privacy.ca.gov,success,915.0,1.0,2.0,7.0,10.0,15.0,5.0,0.0,24.0,0.0,0.0,0.0,1.0,0.0,1.0,1.0,1.0,1.0,0.0,0.0,98.0,167.435546875
https://www.ag.state.mn.us/consumer/publications/HowtoProtectYourselfAgainstHackers.asp,www.ag.state.mn.us,success,2230.0,1.0,8.0,3.0,12.0,21.0,5.0,9.0,18.0,0.0,0.0,1.0,1.0,1.0,1.0,0.0,0.0,0.0,1.0,175.0,39.0,28.2880859375
https://infoprotect.mit.edu/your-personal-data/,infoprotect.mit.edu,success,245.0,1.0,0.0,0.0,1.0,5.0,1.0,0.0,7.0,0.0,0.0,0.0,0.0,0.0,1.0,0.0,0.0,0.0,0.0,0.0,78.0,90.673828125
https://blackcloak.io/5-effective-ways-to-protect-yourself-from-being-hacked/,blackcloak.io,success,1322.0,1.0,0.0,5.0,6.0,23.0,20.0,11.0,100.0,0.0,0.0,1.0,1.0,0.0,1.0,0.0,1.0,1.0,1.0,116.0,68.0,126.2958984375
https://zapier.com/blog/best-cloud-storage-apps/,zapier.com,success,4848.0,1.0,17.0,9.0,27.0,221.0,27.0,20.0,119.0,0.0,0.0,1.0,1.0,1.0,1.0,1.0,1.0,1.0,1.0,146.0,46.0,999.564453125
https://www.pcmag.com/picks/the-best-cloud-storage-and-file-sharing-services,www.pcmag.com,success,4113.0,0.0,16.0,44.0,60.0,58.0,51.0,78.0,240.0,0.0,0.0,1.0,1.0,1.0,1.0,1.0,1.0,1.0,1.0,226.0,78.0,2452.810546875
https://www.experte.com/cloud-storage/free-cloud-storage,www.experte.com,success,4607.0,1.0,2.0,8.0,11.0,122.0,33.0,57.0,109.0,0.0,0.0,1.0,1.0,1.0,1.0,1.0,1.0,1.0,0.0,0.0,64.0,746.541015625
https://www.bitcatcha.com/cloud-storage-reviews/,www.bitcatcha.com,success,5096.0,0.0,13.0,8.0,21.0,143.0,8.0,23.0,47.0,0.0,0.0,1.0,1.0,0.0,1.0,1.0,1.0,1.0,0.0,0.0,35.0,356.701171875
https://www.business.com/articles/top-10-cloud-storage-services-for-business/,www.business.com,success,4342.0,1.0,7.0,29.0,37.0,200.0,33.0,18.0,140.0,1.0,0.0,1.0,1.0,0.0,1.0,0.0,1.0,1.0,1.0,153.0,42.0,356.6357421875
https://www.dropbox.com/features/cloud-storage,www.dropbox.com,success,1434.0,1.0,16.0,16.0,33.0,29.0,3.0,11.0,46.0,1.0,0.0,0.0,1.0,0.0,0.0,0.0,1.0,0.0,1.0,122.0,52.0,757.70703125
https://www.pcworld.com/article/407149/online-cloud-backup-services-carbonite-idrive-backblaze-livedrive.html,www.pcworld.com,success,4211.0,1.0,23.0,28.0,52.0,133.0,29.0,22.0,70.0,1.0,0.0,1.0,1.0,0.0,1.0,1.0,1.0,1.0,1.0,146.0,71.0,437.494140625
https://www.zdnet.com/article/best-cloud-storage/,www.zdnet.com,success,5769.0,0.0,23.0,43.0,66.0,194.0,49.0,34.0,257.0,1.0,0.0,0.0,1.0,1.0,1.0,1.0,1.0,1.0,1.0,171.0,62.0,592.734375
https://www.pcmag.com/picks/the-best-cheap-gaming-laptops,www.pcmag.com,success,7105.0,0.0,19.0,28.0,47.0,85.0,36.0,114.0,208.0,0.0,0.0,1.0,1.0,1.0,1.0,1.0,1.0,1.0,1.0,196.0,59.0,2259.0283203125
https://www.tomshardware.com/laptops/gaming-laptops/best-budget-gaming-laptops,www.tomshardware.com,success,2603.0,0.0,3.0,11.0,14.0,63.0,6.0,61.0,118.0,0.0,0.0,1.0,1.0,0.0,1.0,1.0,1.0,1.0,1.0,77.0,104.0,2122.2451171875
https://www.lenovo.com/us/en/d/gaming-laptops/?srsltid=AfmBOorCkHIVOCv7mCxATTdLP0fJCh82G-NLQ9XamOLvBXZcjEUxcgar,www.lenovo.com,success,3785.0,1.0,1.0,2.0,4.0,184.0,2.0,4.0,55.0,1.0,0.0,1.0,1.0,1.0,1.0,0.0,1.0,0.0,1.0,188.0,53.0,1005.0322265625
https://www.newegg.com/gamer/community/t/best-budget-gaming-laptops-for-gamers-expert-guide-to-choose-the-best-one/6078?srsltid=AfmBOorXwuoXEeoN-OR_y3fsXCO7LKawxFsV7JRS_OUEZPT3ur4h3829,www.newegg.com,success,674.0,1.0,0.0,1.0,2.0,15.0,0.0,0.0,35.0,0.0,0.0,0.0,1.0,0.0,1.0,1.0,0.0,1.0,1.0,221.0,108.0,177.818359375
https://investor.vanguard.com/investment-products/index-funds,investor.vanguard.com,success,1822.0,1.0,17.0,12.0,30.0,64.0,0.0,11.0,33.0,0.0,0.0,1.0,1.0,1.0,0.0,0.0,0.0,1.0,1.0,150.0,37.0,177.5302734375
https://www.fidelity.com/learning-center/smart-money/what-is-an-index-fund,www.fidelity.com,success,4119.0,0.0,3.0,22.0,25.0,58.0,4.0,6.0,43.0,0.0,1.0,1.0,1.0,0.0,1.0,1.0,0.0,1.0,1.0,100.0,56.0,360.2138671875
https://www.nerdwallet.com/investing/learn/how-to-invest-in-index-funds,www.nerdwallet.com,success,2913.0,1.0,5.0,11.0,17.0,19.0,24.0,41.0,49.0,0.0,1.0,1.0,1.0,1.0,1.0,0.0,1.0,1.0,1.0,163.0,60.0,1107.1826171875
https://www.schwab.com/schwab-index-funds-etfs,www.schwab.com,success,2890.0,1.0,17.0,12.0,30.0,47.0,21.0,7.0,124.0,0.0,0.0,1.0,1.0,1.0,1.0,0.0,1.0,1.0,1.0,131.0,61.0,720.94921875
https://www.navyfederal.org/makingcents/investing/index-funds.html,www.navyfederal.org,success,1926.0,0.0,12.0,11.0,23.0,40.0,5.0,6.0,22.0,1.0,0.0,1.0,1.0,0.0,1.0,1.0,0.0,1.0,1.0,163.0,85.0,150.51171875
https://www.wealthenhancement.com/blog/how-to-invest-in-index-funds,www.wealthenhancement.com,success,2524.0,1.0,17.0,26.0,44.0,83.0,27.0,5.0,36.0,1.0,0.0,1.0,1.0,0.0,1.0,1.0,1.0,1.0,1.0,155.0,63.0,158.212890625
https://www.newyorklife.com/articles/what-are-index-funds-and-how-to-invest,www.newyorklife.com,success,1886.0,1.0,8.0,10.0,19.0,54.0,3.0,4.0,37.0,1.0,0.0,1.0,1.0,0.0,1.0,1.0,1.0,1.0,1.0,91.0,63.0,200.0380859375
https://www.bankrate.com/banking/savings/best-high-yield-interests-savings-accounts/,www.bankrate.com,success,8191.0,1.0,11.0,24.0,36.0,127.0,84.0,25.0,99.0,1.0,1.0,1.0,1.0,1.0,1.0,1.0,1.0,1.0,1.0,158.0,75.0,1211.2568359375
https://www.experian.com/blogs/ask-experian/best-high-yield-savings-accounts/,www.experian.com,success,3091.0,1.0,13.0,14.0,28.0,62.0,12.0,5.0,41.0,1.0,0.0,1.0,1.0,1.0,1.0,1.0,1.0,1.0,1.0,144.0,50.0,236.6240234375
https://www.raisin.com/en-us/savings-accounts/,www.raisin.com,success,2445.0,1.0,4.0,10.0,15.0,103.0,3.0,19.0,66.0,1.0,0.0,1.0,1.0,1.0,1.0,1.0,0.0,1.0,1.0,142.0,73.0,503.50390625
https://finance.yahoo.com/personal-finance/banking/best/high-yield-savings-accounts/,finance.yahoo.com,success,4878.0,0.0,10.0,36.0,46.0,80.0,24.0,21.0,60.0,1.0,0.0,1.0,1.0,1.0,1.0,1.0,1.0,1.0,1.0,156.0,56.0,996.607421875
https://www.investopedia.com/high-yield-savings-accounts-4770633,www.investopedia.com,success,8121.0,0.0,36.0,11.0,47.0,72.0,31.0,34.0,149.0,1.0,0.0,1.0,1.0,1.0,1.0,1.0,1.0,1.0,1.0,188.0,92.0,730.59765625
https://www.consumerfinance.gov/an-essential-guide-to-building-an-emergency-fund/,www.consumerfinance.gov,success,1766.0,1.0,6.0,5.0,12.0,49.0,3.0,5.0,23.0,0.0,0.0,0.0,1.0,0.0,1.0,0.0,0.0,1.0,1.0,306.0,87.0,155.3935546875
https://investor.vanguard.com/investor-resources-education/emergency-fund,investor.vanguard.com,success,1803.0,1.0,6.0,9.0,16.0,36.0,2.0,8.0,18.0,0.0,1.0,0.0,1.0,0.0,0.0,0.0,0.0,1.0,1.0,127.0,60.0,139.4619140625
https://www.hsbc.co.uk/financial-fitness/growing-your-money/build-emergency-fund/,www.hsbc.co.uk,success,682.0,1.0,7.0,4.0,12.0,21.0,6.0,9.0,24.0,0.0,0.0,0.0,1.0,0.0,1.0,0.0,0.0,1.0,1.0,148.0,61.0,193.6953125
https://www.investopedia.com/personal-finance/how-to-build-emergency-fund/,www.investopedia.com,success,1789.0,0.0,10.0,2.0,12.0,28.0,16.0,34.0,92.0,1.0,0.0,1.0,1.0,1.0,1.0,0.0,1.0,1.0,1.0,143.0,51.0,750.84765625
https://www.equifax.com/personal/education/credit-cards/articles/-/learn/how-to-pay-off-credit-card-debt-fast/,www.equifax.com,success,1317.0,1.0,4.0,5.0,10.0,18.0,4.0,7.0,21.0,0.0,0.0,1.0,1.0,0.0,1.0,0.0,1.0,1.0,1.0,135.0,46.0,183.01171875
https://www.barclays.co.uk/money-management/how-to-pay-off-your-credit-card-debt/,www.barclays.co.uk,success,1315.0,1.0,7.0,0.0,8.0,32.0,1.0,1.0,14.0,0.0,0.0,1.0,1.0,0.0,0.0,0.0,0.0,1.0,1.0,55.0,51.0,36.45703125
https://moneysmart.gov.au/credit-cards/pay-off-your-credit-card,moneysmart.gov.au,success,1088.0,1.0,6.0,4.0,11.0,42.0,4.0,1.0,23.0,1.0,0.0,1.0,1.0,0.0,1.0,1.0,1.0,1.0,1.0,130.0,44.0,79.1435546875
https://www.bairdwealth.com/insights/wealth-management-perspectives/2022/08/5-strategies-for-paying-off-credit-card-debt/,www.bairdwealth.com,success,1526.0,1.0,0.0,6.0,7.0,33.0,0.0,4.0,13.0,0.0,0.0,1.0,1.0,0.0,0.0,1.0,1.0,1.0,1.0,121.0,72.0,44.2919921875
https://www.nationwide.com/lc/resources/personal-finance/articles/credit-card-payoff-tips,www.nationwide.com,success,1208.0,1.0,24.0,0.0,25.0,9.0,18.0,1.0,136.0,1.0,0.0,1.0,1.0,0.0,0.0,0.0,0.0,1.0,1.0,156.0,45.0,201.423828125
https://www.usbank.com/credit-cards/credit-card-insider/managing-credit/strategies-to-pay-off-credit-card-debt.html,www.usbank.com,success,1238.0,1.0,5.0,12.0,18.0,28.0,2.0,4.0,13.0,0.0,0.0,1.0,1.0,0.0,1.0,1.0,0.0,1.0,1.0,149.0,50.0,139.576171875
https://www.nerdwallet.com/investing/best/robo-advisors,www.nerdwallet.com,success,3360.0,1.0,3.0,17.0,21.0,97.0,14.0,30.0,54.0,1.0,0.0,1.0,1.0,1.0,1.0,1.0,1.0,1.0,1.0,174.0,62.0,1282.5126953125
https://www.wsj.com/buyside/personal-finance/financial-advisors/how-to-choose-the-best-robo-advisors,www.wsj.com,success,2548.0,1.0,7.0,13.0,21.0,71.0,6.0,24.0,19.0,1.0,0.0,1.0,1.0,0.0,1.0,1.0,1.0,1.0,1.0,138.0,26.0,1613.5166015625
https://www.unbiased.com/discover/financial-advice/best-robo-advisors,www.unbiased.com,success,2314.0,1.0,9.0,10.0,20.0,155.0,4.0,0.0,32.0,0.0,1.0,1.0,1.0,0.0,1.0,1.0,1.0,1.0,1.0,152.0,50.0,223.376953125
https://www.investopedia.com/the-best-robo-advisors-8764849,www.investopedia.com,success,5077.0,0.0,10.0,13.0,23.0,144.0,34.0,50.0,110.0,0.0,0.0,1.0,1.0,1.0,1.0,1.0,1.0,1.0,1.0,166.0,37.0,840.58203125
https://www.cnbc.com/select/best-robo-advisors/,www.cnbc.com,success,4136.0,0.0,20.0,11.0,31.0,90.0,29.0,8.0,156.0,1.0,0.0,1.0,1.0,0.0,1.0,1.0,1.0,1.0,1.0,92.0,38.0,896.5537109375
https://www.kiplinger.com/investing/how-to-pick-the-best-robo-advisor-for-you,www.kiplinger.com,success,3762.0,0.0,2.0,11.0,13.0,117.0,7.0,22.0,75.0,0.0,0.0,1.0,1.0,1.0,1.0,0.0,1.0,1.0,1.0,160.0,53.0,1409.6201171875
https://www.fidelity.com/retirement/roth-ira,www.fidelity.com,success,2694.0,1.0,19.0,19.0,39.0,77.0,22.0,35.0,77.0,1.0,0.0,1.0,1.0,1.0,0.0,0.0,1.0,0.0,1.0,239.0,62.0,562.900390625
https://investor.vanguard.com/accounts-plans/iras/roth-ira,investor.vanguard.com,success,1406.0,1.0,6.0,16.0,23.0,41.0,1.0,2.0,18.0,1.0,0.0,1.0,1.0,1.0,1.0,0.0,0.0,1.0,1.0,155.0,58.0,116.1962890625
https://www.irs.gov/retirement-plans/roth-iras,www.irs.gov,success,247.0,1.0,2.0,1.0,4.0,3.0,7.0,0.0,23.0,0.0,1.0,0.0,1.0,0.0,0.0,1.0,1.0,1.0,1.0,77.0,36.0,96.1484375
https://www.northwesternmutual.com/life-and-money/how-to-start-a-roth-ira/,www.northwesternmutual.com,success,1812.0,0.0,4.0,6.0,10.0,46.0,8.0,6.0,26.0,0.0,0.0,1.0,1.0,0.0,1.0,0.0,1.0,1.0,1.0,122.0,44.0,110.64453125
https://srfs.upenn.edu/financial-wellness/browse-topics/budgeting/popular-budgeting-strategies,srfs.upenn.edu,success,821.0,1.0,4.0,0.0,5.0,15.0,19.0,2.0,121.0,1.0,0.0,1.0,1.0,1.0,0.0,0.0,0.0,1.0,1.0,87.0,97.0,54.1884765625
https://www.usbank.com/financial-education/save/budgeting-strategies.html,www.usbank.com,success,994.0,1.0,2.0,10.0,13.0,19.0,0.0,5.0,13.0,0.0,0.0,1.0,1.0,0.0,1.0,0.0,0.0,1.0,1.0,139.0,39.0,227.1591796875
https://consumer.gov/your-money/making-budget,consumer.gov,success,514.0,1.0,4.0,0.0,5.0,14.0,4.0,5.0,12.0,0.0,0.0,0.0,1.0,0.0,0.0,0.0,0.0,1.0,1.0,66.0,30.0,328.4130859375
https://www.lakecitybank.com/budgeting-methods/,www.lakecitybank.com,success,1264.0,2.0,7.0,6.0,15.0,28.0,20.0,5.0,125.0,0.0,0.0,1.0,1.0,0.0,1.0,0.0,1.0,1.0,0.0,0.0,63.0,333.4970703125
https://alltrucu.org/blog/best-budgeting-methods/,alltrucu.org,success,1466.0,0.0,6.0,12.0,18.0,34.0,9.0,5.0,27.0,1.0,1.0,1.0,1.0,0.0,1.0,1.0,1.0,1.0,1.0,129.0,69.0,155.3544921875
https://www.fidelitybankonline.com/effective-budgeting-101-a-beginners-guide/,www.fidelitybankonline.com,success,1086.0,0.0,2.0,1.0,3.0,17.0,1.0,1.0,3.0,0.0,0.0,1.0,1.0,0.0,1.0,0.0,1.0,1.0,1.0,151.0,59.0,252.376953125
https://www.experian.com/blogs/ask-experian/types-of-budget-plans/,www.experian.com,success,2688.0,1.0,16.0,8.0,25.0,45.0,7.0,6.0,32.0,1.0,0.0,1.0,1.0,1.0,1.0,1.0,1.0,1.0,1.0,127.0,48.0,229.126953125
https://www.investor.gov/additional-resources/information/youth/teachers-classroom-resources/what-compound-interest,www.investor.gov,success,487.0,1.0,5.0,4.0,10.0,8.0,3.0,8.0,10.0,0.0,0.0,1.0,1.0,1.0,0.0,0.0,0.0,0.0,1.0,507.0,41.0,45.498046875
https://www.td.com/ca/en/personal-banking/advice/growing-money/what-is-compound-interest-and-how-does-it-work,www.td.com,success,1146.0,1.0,9.0,12.0,22.0,22.0,9.0,8.0,102.0,0.0,0.0,0.0,1.0,1.0,0.0,0.0,0.0,1.0,1.0,96.0,45.0,296.8154296875
https://www.securian.com/insights-tools/articles/how-compound-interest-works.html,www.securian.com,success,931.0,4.0,9.0,9.0,22.0,32.0,6.0,5.0,15.0,0.0,0.0,1.0,1.0,1.0,1.0,1.0,1.0,1.0,1.0,158.0,53.0,145.208984375
https://www.wealthsimple.com/en-ca/learn/what-is-compound-interest,www.wealthsimple.com,success,2138.0,1.0,13.0,12.0,26.0,72.0,7.0,6.0,17.0,1.0,1.0,1.0,1.0,0.0,1.0,1.0,1.0,1.0,1.0,152.0,54.0,311.3076171875
https://www.consumerfinance.gov/ask-cfpb/how-does-compound-interest-work-en-1683/,www.consumerfinance.gov,success,372.0,1.0,1.0,3.0,5.0,25.0,1.0,0.0,7.0,0.0,0.0,1.0,1.0,0.0,1.0,0.0,0.0,1.0,1.0,101.0,71.0,140.23046875
https://www.barclays.co.uk/smart-investor/new-to-investing/staying-invested/how-compounding-can-turbocharge-your-investment-returns/,www.barclays.co.uk,success,1352.0,1.0,11.0,5.0,17.0,118.0,3.0,6.0,24.0,0.0,0.0,1.0,1.0,0.0,1.0,0.0,1.0,1.0,1.0,116.0,45.0,346.8994140625
https://www.fidelity.com/learning-center/trading-investing/compound-interest,www.fidelity.com,success,3586.0,0.0,4.0,21.0,25.0,39.0,4.0,8.0,37.0,0.0,0.0,1.0,1.0,1.0,1.0,1.0,0.0,1.0,1.0,120.0,37.0,357.9716796875
https://www.securian.com/insights-tools/articles/retirement-prep-20s-30s.html,www.securian.com,success,1832.0,4.0,15.0,12.0,31.0,48.0,3.0,5.0,19.0,0.0,0.0,1.0,1.0,0.0,1.0,1.0,1.0,1.0,1.0,144.0,65.0,138.7705078125
https://www.fidelity.com/learning-center/smart-money/retirement-savings-in-your-20s-and-30s,www.fidelity.com,success,4081.0,0.0,3.0,24.0,27.0,35.0,5.0,6.0,39.0,0.0,0.0,1.0,1.0,1.0,1.0,1.0,0.0,1.0,1.0,82.0,52.0,359.609375
https://www.hancockwhitney.com/insights/how-to-plan-for-retirement-in-your-30s-a-smart-start-toward-long-term-wealth,www.hancockwhitney.com,success,1129.0,1.0,10.0,4.0,15.0,43.0,3.0,14.0,18.0,0.0,0.0,1.0,1.0,0.0,1.0,1.0,1.0,1.0,1.0,158.0,77.0,254.7412109375
https://www.guardianlife.com/retirement-savings-essentials-in-your-30s,www.guardianlife.com,success,2263.0,0.0,6.0,3.0,9.0,39.0,2.0,0.0,27.0,0.0,0.0,1.0,1.0,0.0,1.0,0.0,0.0,1.0,1.0,123.0,59.0,261.53125
https://www.schwab.com/learn/story/retirement-planning-by-decade-savings-guide,www.schwab.com,success,2948.0,1.0,10.0,24.0,35.0,58.0,20.0,8.0,99.0,0.0,0.0,1.0,1.0,1.0,1.0,1.0,1.0,1.0,1.0,158.0,67.0,931.216796875
https://www.experian.com/credit/score-boost/,www.experian.com,success,1341.0,1.0,5.0,13.0,19.0,33.0,2.0,8.0,12.0,1.0,0.0,0.0,1.0,1.0,0.0,0.0,0.0,1.0,1.0,123.0,52.0,267.9853515625
https://www.broadviewfcu.com/blogs/10-things-you-can-do-to-improve-your-credit-score/,www.broadviewfcu.com,success,2371.0,1.0,2.0,0.0,3.0,125.0,11.0,5.0,44.0,0.0,0.0,1.0,1.0,1.0,1.0,0.0,1.0,1.0,1.0,297.0,82.0,128.94921875
https://www.experian.com/blogs/ask-experian/credit-education/improving-credit/improve-credit-score/,www.experian.com,success,2409.0,1.0,14.0,5.0,20.0,58.0,3.0,9.0,46.0,1.0,0.0,1.0,1.0,0.0,1.0,1.0,1.0,1.0,1.0,136.0,37.0,233.9658203125
https://www.aba.com/advocacy/community-programs/consumer-resources/calculators/improving-your-credit-score,www.aba.com,success,425.0,1.0,8.0,0.0,9.0,10.0,1.0,1.0,13.0,0.0,0.0,1.0,1.0,0.0,1.0,0.0,0.0,0.0,1.0,141.0,69.0,154.931640625
https://www.hancockwhitney.com/insights/7-steps-improve-credit-score,www.hancockwhitney.com,success,1458.0,1.0,8.0,8.0,17.0,52.0,3.0,11.0,26.0,0.0,0.0,1.0,1.0,1.0,1.0,0.0,1.0,1.0,1.0,141.0,36.0,253.1962890625
https://www.axosbank.com/personal/insights/credit/building-credit/how-to-improve-credit-score-fast,www.axosbank.com,success,597.0,1.0,4.0,4.0,9.0,27.0,3.0,1.0,5.0,0.0,0.0,1.0,1.0,1.0,1.0,1.0,1.0,1.0,1.0,161.0,59.0,352.4375
https://www.consumerfinance.gov/ask-cfpb/how-do-i-get-and-keep-a-good-credit-score-en-318/,www.consumerfinance.gov,success,600.0,1.0,2.0,8.0,11.0,15.0,2.0,1.0,14.0,0.0,0.0,1.0,1.0,0.0,1.0,1.0,0.0,1.0,1.0,106.0,81.0,148.7958984375
https://www.usa.gov/credit-score,www.usa.gov,success,361.0,1.0,5.0,0.0,6.0,11.0,3.0,5.0,10.0,0.0,1.0,0.0,1.0,0.0,0.0,1.0,1.0,1.0,1.0,157.0,55.0,38.330078125
https://www.cntraveler.com/story/best-time-to-visit-japan,www.cntraveler.com,success,2206.0,0.0,8.0,0.0,8.0,30.0,3.0,12.0,67.0,0.0,0.0,0.0,1.0,0.0,1.0,0.0,1.0,1.0,1.0,124.0,101.0,1493.0849609375
https://en.japantravel.com/blog/best-time-to-visit-japan/72418,en.japantravel.com,success,2665.0,1.0,25.0,65.0,91.0,152.0,11.0,12.0,26.0,1.0,0.0,0.0,1.0,0.0,1.0,1.0,1.0,1.0,1.0,135.0,74.0,245.5732421875
https://www.enchantingtravels.com/destinations/asia/japan/best-time-to-visit-japan/,www.enchantingtravels.com,success,3046.0,1.0,4.0,31.0,36.0,47.0,14.0,25.0,34.0,0.0,1.0,0.0,1.0,0.0,1.0,0.0,1.0,1.0,1.0,155.0,80.0,376.7666015625
https://www.audleytravel.com/us/japan/best-time-to-visit,www.audleytravel.com,success,2003.0,1.0,8.0,9.0,18.0,48.0,17.0,32.0,50.0,0.0,0.0,1.0,1.0,1.0,1.0,0.0,1.0,1.0,1.0,106.0,59.0,239.2802734375
https://www.responsiblevacation.com/vacations/japan/travel-guide/best-time-to-visit-japan,www.responsiblevacation.com,success,3570.0,1.0,4.0,32.0,37.0,8.0,6.0,59.0,146.0,0.0,0.0,0.0,1.0,0.0,1.0,0.0,0.0,1.0,1.0,223.0,24.0,84.341796875
https://happytowander.com/cheapest-way-to-travel-europe/,happytowander.com,success,5459.0,0.0,14.0,1.0,15.0,188.0,22.0,40.0,135.0,0.0,0.0,1.0,1.0,0.0,1.0,1.0,1.0,1.0,1.0,156.0,57.0,484.201171875
https://www.worldpackers.com/articles/cheapest-way-to-get-to-europe,www.worldpackers.com,success,2603.0,1.0,7.0,18.0,26.0,71.0,11.0,36.0,76.0,0.0,0.0,1.0,1.0,1.0,1.0,1.0,1.0,1.0,1.0,160.0,70.0,106.87890625
https://www.adventurouskate.com/ask-kate-whats-the-best-way-to-travel-around-europe/,www.adventurouskate.com,success,2445.0,0.0,9.0,0.0,9.0,72.0,2.0,17.0,26.0,0.0,0.0,0.0,1.0,0.0,1.0,0.0,1.0,1.0,1.0,131.0,63.0,261.9326171875
https://shaleewanders.com/europe-on-a-budget/,shaleewanders.com,success,4002.0,3.0,13.0,3.0,19.0,116.0,4.0,38.0,55.0,0.0,1.0,1.0,1.0,1.0,1.0,1.0,1.0,1.0,1.0,141.0,81.0,200.32421875
https://www.workaway.info/en/stories/budget-travel-europe-top-tips,www.workaway.info,success,3477.0,1.0,6.0,16.0,23.0,61.0,17.0,30.0,113.0,0.0,0.0,0.0,1.0,1.0,1.0,1.0,0.0,1.0,1.0,184.0,44.0,220.998046875
https://www.ricksteves.com/watch-read-listen/read/articles/affordable-europe,www.ricksteves.com,success,827.0,0.0,0.0,3.0,3.0,13.0,2.0,4.0,14.0,0.0,0.0,0.0,1.0,1.0,1.0,0.0,1.0,1.0,0.0,0.0,32.0,102.431640625
https://www.bankfab.com/en-ae/personal/credit-cards/fab-travel-credit-card,www.bankfab.com,success,1683.0,1.0,13.0,1.0,15.0,40.0,5.0,136.0,56.0,1.0,0.0,1.0,1.0,1.0,1.0,0.0,0.0,0.0,1.0,155.0,54.0,4420.4697265625
https://kredit.ae/credit-cards/travel,kredit.ae,success,5531.0,1.0,53.0,37.0,91.0,135.0,48.0,92.0,168.0,1.0,0.0,1.0,1.0,0.0,1.0,1.0,1.0,1.0,1.0,154.0,55.0,1396.0947265625
https://creditcards.chase.com/travel-credit-cards,creditcards.chase.com,success,8382.0,1.0,39.0,160.0,200.0,202.0,0.0,131.0,489.0,0.0,0.0,1.0,1.0,0.0,1.0,0.0,0.0,0.0,1.0,186.0,35.0,509.5546875
https://www.nerdwallet.com/travel/learn/best-miles-credit-card-for-beginners,www.nerdwallet.com,success,2876.0,1.0,3.0,5.0,9.0,14.0,12.0,36.0,92.0,0.0,0.0,1.0,1.0,0.0,1.0,0.0,1.0,1.0,1.0,153.0,55.0,1120.5263671875
https://www.emiratesnbd.com/en/knowledge-hub/top-emirates-nbd-travel-credit-cards-uae,www.emiratesnbd.com,success,3935.0,1.0,7.0,2.0,10.0,58.0,9.0,17.0,101.0,1.0,0.0,1.0,1.0,1.0,1.0,1.0,1.0,1.0,1.0,159.0,74.0,1071.783203125
https://www.bankrate.com/credit-cards/travel/best-travel-cards/,www.bankrate.com,success,15004.0,1.0,23.0,24.0,48.0,456.0,79.0,38.0,201.0,1.0,1.0,1.0,1.0,1.0,1.0,1.0,1.0,1.0,1.0,150.0,53.0,1455.4814453125
https://www.camelsandchocolate.com/best-travel-credit-cards/,www.camelsandchocolate.com,success,3017.0,5.0,4.0,14.0,23.0,85.0,9.0,20.0,95.0,0.0,0.0,1.0,1.0,0.0,1.0,1.0,1.0,1.0,1.0,140.0,64.0,91.3564453125
https://www.the5kilotraveller.com/blog/post/100995/how-to-pack-a-light-carry-on-backpack-for-2-weeks-or-2-months/,www.the5kilotraveller.com,success,1865.0,2.0,3.0,5.0,10.0,87.0,5.0,12.0,42.0,0.0,0.0,0.0,1.0,0.0,1.0,1.0,1.0,1.0,1.0,68.0,84.0,144.884765625
https://www.ricksteves.com/travel-tips/packing-light/packing-smart,www.ricksteves.com,success,1220.0,0.0,2.0,0.0,2.0,17.0,3.0,2.0,27.0,0.0,0.0,0.0,1.0,1.0,1.0,0.0,1.0,1.0,0.0,0.0,48.0,105.708984375
https://stunningstyle.com/style-secrets/2018-6-8-the-easiest-way-to-pack-for-2-weeks-in-a-carryon,stunningstyle.com,success,2152.0,1.0,11.0,4.0,16.0,38.0,2.0,5.0,28.0,0.0,0.0,0.0,1.0,1.0,1.0,0.0,1.0,1.0,1.0,151.0,61.0,295.9306640625
https://www.abroadwithash.com/travelling-light-carry-on-for-a-2-week-trip/,www.abroadwithash.com,success,4032.0,0.0,16.0,3.0,19.0,109.0,16.0,49.0,130.0,0.0,0.0,1.0,1.0,1.0,1.0,0.0,1.0,1.0,1.0,121.0,82.0,744.5947265625
https://www.realfoodtraveler.com/luggage-packing-tips-for-two-or-more-weeks/,www.realfoodtraveler.com,success,2362.0,2.0,1.0,5.0,8.0,28.0,6.0,46.0,58.0,0.0,0.0,0.0,1.0,0.0,1.0,0.0,1.0,1.0,1.0,109.0,63.0,464.0791015625
https://www.marriott.com/en-us/all-inclusive-resorts/family-friendly,www.marriott.com,success,662.0,1.0,18.0,5.0,24.0,24.0,10.0,5.0,127.0,1.0,0.0,0.0,1.0,0.0,1.0,0.0,0.0,1.0,1.0,153.0,55.0,498.107421875
https://www.clubmed.us/l/all-inclusive-resorts-for-families,www.clubmed.us,success,3168.0,1.0,9.0,39.0,49.0,79.0,13.0,31.0,43.0,1.0,0.0,0.0,1.0,1.0,1.0,0.0,1.0,1.0,1.0,154.0,52.0,427.1533203125
https://tinytravelship.com/the-best-european-all-inclusive-resorts-for-families/,tinytravelship.com,success,7499.0,3.0,12.0,41.0,56.0,182.0,14.0,192.0,166.0,1.0,0.0,0.0,1.0,1.0,1.0,0.0,1.0,1.0,1.0,114.0,70.0,202.4697265625
https://www.fivestaralliance.com/best/hotels/2335/the-world%27s-best-family-friendly-all-inclusive-resorts,www.fivestaralliance.com,success,3827.0,1.0,74.0,0.0,75.0,44.0,88.0,120.0,343.0,0.0,0.0,1.0,1.0,0.0,0.0,0.0,1.0,0.0,1.0,467.0,75.0,373.65234375
https://www.jetbluevacations.com/trip-ideas/family-all-inclusive,www.jetbluevacations.com,success,2485.0,0.0,13.0,29.0,42.0,56.0,31.0,38.0,21.0,0.0,0.0,0.0,1.0,1.0,1.0,0.0,0.0,1.0,1.0,167.0,68.0,382.0458984375
https://thetravelmum.com/best-all-inclusive-family-resorts/,thetravelmum.com,success,2450.0,1.0,11.0,9.0,21.0,50.0,14.0,38.0,73.0,1.0,0.0,1.0,1.0,0.0,1.0,1.0,1.0,1.0,1.0,140.0,59.0,184.2783203125
https://www.google.com/travel/flights?gl=US&hl=en-US,www.google.com,success,1512.0,1.0,6.0,1.0,8.0,0.0,4.0,10.0,43.0,1.0,0.0,0.0,1.0,0.0,1.0,0.0,1.0,1.0,1.0,161.0,64.0,1798.408203125
https://www.kayak.com/flights,www.kayak.com,success,3984.0,1.0,3.0,33.0,37.0,13.0,34.0,5.0,368.0,1.0,0.0,0.0,1.0,0.0,1.0,0.0,1.0,1.0,1.0,156.0,54.0,1558.8271484375
https://www.momondo.com/,www.momondo.com,success,1592.0,1.0,4.0,15.0,20.0,91.0,16.0,45.0,213.0,0.0,0.0,0.0,1.0,0.0,1.0,0.0,1.0,1.0,1.0,139.0,52.0,1273.494140625
https://www.cheapflights.com/,www.cheapflights.com,success,1596.0,1.0,13.0,6.0,20.0,17.0,2.0,21.0,138.0,0.0,0.0,0.0,1.0,0.0,1.0,0.0,1.0,1.0,1.0,180.0,85.0,537.28125
https://www.insuremytrip.com/,www.insuremytrip.com,success,789.0,1.0,6.0,8.0,15.0,27.0,7.0,55.0,31.0,1.0,0.0,1.0,1.0,0.0,0.0,0.0,1.0,1.0,1.0,157.0,54.0,146.38671875
https://www.squaremouth.com/,www.squaremouth.com,success,1582.0,1.0,7.0,31.0,39.0,56.0,6.0,78.0,54.0,0.0,0.0,1.0,1.0,1.0,1.0,0.0,1.0,1.0,1.0,143.0,57.0,185.138671875
https://www.ricksteves.com/travel-tips/trip-planning/travel-insurance,www.ricksteves.com,success,2927.0,0.0,2.0,0.0,2.0,43.0,5.0,1.0,23.0,0.0,0.0,1.0,1.0,1.0,1.0,0.0,1.0,1.0,0.0,0.0,45.0,118.9375
https://www.travelguard.com/,www.travelguard.com,success,1856.0,1.0,9.0,16.0,26.0,65.0,2.0,36.0,98.0,1.0,0.0,0.0,1.0,0.0,1.0,0.0,1.0,0.0,1.0,155.0,64.0,309.955078125
https://theworldtravelguy.com/nyc-things-to-do/,theworldtravelguy.com,success,2857.0,1.0,19.0,13.0,33.0,142.0,6.0,47.0,116.0,0.0,0.0,0.0,1.0,0.0,1.0,1.0,1.0,1.0,1.0,140.0,43.0,497.0234375
https://capturencrave.com/new-york-a-city-guide/,capturencrave.com,success,3012.0,0.0,8.0,22.0,30.0,45.0,11.0,61.0,105.0,0.0,0.0,0.0,1.0,0.0,1.0,0.0,1.0,1.0,1.0,129.0,48.0,499.703125
https://letterstobarbara.com/new-york-city-guide-for-first-time-visitors/,letterstobarbara.com,success,4445.0,1.0,4.0,21.0,26.0,81.0,23.0,26.0,184.0,1.0,0.0,0.0,1.0,1.0,1.0,1.0,1.0,1.0,1.0,122.0,78.0,353.4794921875
https://www.thetravelingginger.com/traveling-ginger-blog/things-to-do-in-new-york-city,www.thetravelingginger.com,success,5680.0,0.0,9.0,41.0,50.0,54.0,0.0,23.0,19.0,0.0,0.0,0.0,1.0,0.0,1.0,0.0,1.0,1.0,1.0,158.0,71.0,265.21484375
https://www.girlxdeparture.com/things-to-do-in-new-york/,www.girlxdeparture.com,success,1588.0,0.0,3.0,3.0,6.0,59.0,6.0,25.0,29.0,0.0,0.0,1.0,1.0,0.0,1.0,0.0,1.0,1.0,1.0,297.0,73.0,149.8447265625
https://www.esbnyc.com/blog/first-time-new-york-city-travel-tips-dos-donts-your-first-nyc-trip,www.esbnyc.com,success,1316.0,1.0,15.0,13.0,29.0,35.0,0.0,13.0,18.0,1.0,0.0,0.0,1.0,0.0,0.0,1.0,1.0,1.0,1.0,157.0,66.0,83.2763671875
https://apps.apple.com/us/app/roadtrippers-trip-planner/id944060491,apps.apple.com,success,4074.0,7.0,6.0,8.0,21.0,61.0,44.0,19.0,29.0,0.0,0.0,0.0,1.0,0.0,1.0,0.0,1.0,1.0,1.0,161.0,46.0,680.7626953125
https://carolinerosetravel.com/12-best-apps-for-a-usa-road-trip/,carolinerosetravel.com,success,1735.0,0.0,14.0,15.0,29.0,39.0,5.0,54.0,108.0,0.0,0.0,0.0,1.0,0.0,1.0,0.0,1.0,1.0,1.0,156.0,55.0,317.89453125
https://wanderlog.com/,wanderlog.com,success,8571.0,1.0,29.0,4.0,34.0,244.0,0.0,1023.0,155.0,0.0,0.0,0.0,1.0,1.0,1.0,0.0,1.0,1.0,1.0,190.0,65.0,417.42578125
https://www.directiveadventure.com/blog/apps-that-make-trip-planning-successful,www.directiveadventure.com,success,4101.0,1.0,5.0,11.0,17.0,61.0,0.0,14.0,10.0,0.0,0.0,0.0,1.0,0.0,1.0,0.0,1.0,1.0,1.0,176.0,80.0,246.189453125
https://trizzletravels.com/best-road-trip-apps/,trizzletravels.com,success,1367.0,1.0,5.0,16.0,22.0,39.0,4.0,17.0,17.0,0.0,0.0,0.0,1.0,0.0,1.0,1.0,1.0,1.0,1.0,153.0,60.0,183.4296875
https://play.google.com/store/apps/details?id=com.wanderlog.android&hl=en_US,play.google.com,success,1339.0,1.0,0.0,0.0,1.0,0.0,1.0,34.0,19.0,0.0,0.0,0.0,1.0,1.0,1.0,0.0,1.0,1.0,1.0,77.0,50.0,1169.599609375
https://www.suewherewhywhat.com/trip-planning-websites/,www.suewherewhywhat.com,success,4050.0,0.0,2.0,3.0,5.0,105.0,26.0,66.0,105.0,0.0,0.0,1.0,1.0,0.0,1.0,0.0,0.0,1.0,1.0,130.0,62.0,350.48828125
https://wwwnc.cdc.gov/travel/page/jet-lag,wwwnc.cdc.gov,success,524.0,0.0,0.0,4.0,4.0,8.0,4.0,1.0,22.0,0.0,1.0,0.0,1.0,0.0,1.0,0.0,0.0,0.0,1.0,7.0,72.0,291.8681640625
https://www.ricksteves.com/travel-tips/health/jet-lag,www.ricksteves.com,success,762.0,0.0,2.0,0.0,2.0,23.0,3.0,1.0,24.0,0.0,0.0,1.0,1.0,1.0,1.0,0.0,1.0,1.0,0.0,0.0,50.0,102.8076171875
https://www.betterhealth.vic.gov.au/health/healthyliving/jet-lag,www.betterhealth.vic.gov.au,success,1139.0,1.0,15.0,0.0,16.0,9.0,11.0,6.0,20.0,0.0,1.0,0.0,1.0,0.0,1.0,0.0,0.0,1.0,1.0,103.0,31.0,870.4677734375
https://www.healthpartners.com/blog/9-tips-to-reduce-the-feeling-of-jet-lag/,www.healthpartners.com,success,1651.0,0.0,4.0,14.0,18.0,26.0,0.0,0.0,15.0,0.0,0.0,0.0,1.0,0.0,1.0,0.0,1.0,1.0,1.0,133.0,51.0,51.0791015625
https://pmc.ncbi.nlm.nih.gov/articles/PMC2829880/,pmc.ncbi.nlm.nih.gov,success,12247.0,1.0,15.0,11.0,27.0,51.0,6.0,33.0,411.0,0.0,0.0,0.0,1.0,0.0,1.0,1.0,0.0,0.0,0.0,0.0,67.0,229.578125
https://piningforrome.com/how-to-prevent-jet-lag,piningforrome.com,success,757.0,1.0,0.0,1.0,2.0,1.0,0.0,3.0,6.0,0.0,0.0,0.0,1.0,0.0,1.0,0.0,1.0,1.0,0.0,0.0,39.0,97.9853515625
https://www.delish.com/cooking/recipe-ideas/g69290004/lazy-dinner-recipes/,www.delish.com,success,1710.0,0.0,21.0,0.0,21.0,75.0,0.0,46.0,95.0,0.0,0.0,0.0,1.0,0.0,1.0,0.0,1.0,1.0,1.0,148.0,54.0,1723.6240234375
https://www.halfbakedharvest.com/40-easy-dinner-recipes-for-busy-weeknights/,www.halfbakedharvest.com,success,2367.0,1.0,46.0,5.0,52.0,38.0,9.0,67.0,96.0,0.0,0.0,0.0,1.0,1.0,1.0,1.0,1.0,1.0,1.0,122.0,64.0,840.5029296875
https://www.redgoldtomatoes.com/redgoldtomatoes/post/46-easy-dinner-recipes-for-beginners-that-anyone-can-make/,www.redgoldtomatoes.com,success,3000.0,0.0,8.0,52.0,60.0,59.0,2.0,52.0,119.0,0.0,0.0,0.0,1.0,0.0,1.0,0.0,1.0,1.0,1.0,168.0,70.0,236.0087890625
https://www.seriouseats.com/30-minute-dinners-11984477,www.seriouseats.com,success,1268.0,1.0,11.0,0.0,12.0,20.0,1.0,56.0,45.0,0.0,1.0,0.0,1.0,0.0,1.0,1.0,1.0,1.0,1.0,155.0,63.0,392.94921875
https://www.allrecipes.com/5-ingredient-dinner-recipes-11841860,www.allrecipes.com,success,1363.0,1.0,23.0,1.0,25.0,46.0,1.0,80.0,48.0,0.0,1.0,0.0,1.0,0.0,1.0,1.0,1.0,1.0,1.0,136.0,61.0,485.05859375
https://www.onegirlonekitchen.com/,www.onegirlonekitchen.com,success,628.0,0.0,9.0,3.0,12.0,15.0,7.0,44.0,44.0,0.0,0.0,0.0,1.0,1.0,1.0,0.0,1.0,1.0,1.0,240.0,22.0,185.0078125
https://simplehomeedit.com/category/quick-easy/,simplehomeedit.com,success,553.0,1.0,0.0,16.0,17.0,16.0,2.0,159.0,89.0,0.0,0.0,0.0,1.0,0.0,1.0,0.0,1.0,1.0,1.0,152.0,56.0,431.966796875
https://nutritionsource.hsph.harvard.edu/meal-prep/,nutritionsource.hsph.harvard.edu,success,1455.0,0.0,3.0,0.0,3.0,22.0,7.0,3.0,40.0,0.0,0.0,0.0,1.0,0.0,1.0,0.0,1.0,1.0,1.0,151.0,38.0,101.2080078125
https://www.loveandlemons.com/healthy-meal-prep-ideas/,www.loveandlemons.com,success,2800.0,0.0,10.0,3.0,13.0,124.0,16.0,64.0,188.0,0.0,0.0,0.0,1.0,0.0,1.0,1.0,1.0,1.0,1.0,141.0,55.0,576.1318359375
https://www.tasteofhome.com/collection/meal-prep-recipes-week-ahead/,www.tasteofhome.com,success,5319.0,1.0,49.0,0.0,50.0,7.0,10.0,75.0,246.0,0.0,0.0,0.0,1.0,0.0,1.0,1.0,1.0,1.0,1.0,137.0,55.0,883.0693359375
https://www.thenourishedpath.com/blog/how-to-meal-prep-for-the-week,www.thenourishedpath.com,success,1305.0,1.0,9.0,4.0,14.0,57.0,4.0,4.0,19.0,1.0,0.0,0.0,1.0,0.0,1.0,0.0,1.0,1.0,1.0,123.0,66.0,164.525390625
https://www.weightwatchers.com/us/blog/meal-prep?srsltid=AfmBOoreVETi_pAhDkNlXmY70IW_PysvNg0Ea6zUS9kOIpW1RJqlIEJq,www.weightwatchers.com,success,2839.0,0.0,12.0,18.0,30.0,69.0,3.0,20.0,51.0,0.0,0.0,1.0,1.0,0.0,1.0,0.0,1.0,1.0,1.0,148.0,58.0,441.86328125
https://www.themealprepmamacita.com/,www.themealprepmamacita.com,success,461.0,2.0,8.0,0.0,10.0,6.0,0.0,39.0,95.0,0.0,0.0,0.0,1.0,0.0,1.0,0.0,1.0,1.0,0.0,0.0,21.0,445.533203125
https://www.bonappetit.com/gallery/meal-prep-tips?srsltid=AfmBOoqPsoxY-qi4G8bht25Awr46J-ZNw0SAR8w5rZvI-CywCY6roriQ,www.bonappetit.com,success,1366.0,0.0,8.0,0.0,8.0,35.0,10.0,21.0,44.0,0.0,0.0,0.0,1.0,0.0,1.0,0.0,1.0,1.0,1.0,109.0,70.0,1273.865234375
https://www.delish.com/cooking/g4711/air-fryer-recipes/,www.delish.com,success,1855.0,0.0,21.0,0.0,21.0,55.0,0.0,41.0,111.0,0.0,0.0,0.0,1.0,1.0,1.0,0.0,1.0,1.0,1.0,135.0,59.0,1705.2978515625
https://www.bbcgoodfood.com/recipes/collection/air-fryer-recipes,www.bbcgoodfood.com,success,699.0,1.0,25.0,0.0,26.0,7.0,25.0,31.0,67.0,0.0,0.0,0.0,1.0,0.0,1.0,0.0,1.0,1.0,1.0,146.0,33.0,758.6083984375
https://www.skinnytaste.com/recipes/air-fryer/,www.skinnytaste.com,success,564.0,1.0,5.0,20.0,26.0,7.0,20.0,70.0,155.0,0.0,0.0,0.0,1.0,0.0,1.0,0.0,1.0,1.0,1.0,146.0,65.0,805.08984375
https://www.bbc.co.uk/food/collections/air_fryer_recipes,www.bbc.co.uk,success,876.0,1.0,2.0,77.0,80.0,2.0,0.0,157.0,85.0,1.0,0.0,0.0,1.0,0.0,1.0,0.0,1.0,1.0,1.0,103.0,28.0,352.7744140625
https://www.wholesomeyum.com/prep/air-fryer/?srsltid=AfmBOopBYb1kDuFbn5qjXFAJrYBVdNoihCZXRJT28hr1OTfMWPHXMCdt,www.wholesomeyum.com,success,1904.0,1.0,9.0,34.0,44.0,72.0,36.0,138.0,261.0,0.0,0.0,1.0,1.0,0.0,0.0,0.0,1.0,1.0,1.0,163.0,50.0,825.69140625
https://triedtestedandtrue.com/air-fryer/,triedtestedandtrue.com,success,530.0,1.0,0.0,21.0,22.0,7.0,6.0,66.0,101.0,0.0,0.0,0.0,1.0,0.0,1.0,0.0,1.0,1.0,1.0,145.0,60.0,399.587890625
https://airfried.com/,airfried.com,success,523.0,0.0,15.0,19.0,34.0,13.0,9.0,67.0,88.0,0.0,0.0,0.0,1.0,0.0,1.0,0.0,1.0,1.0,1.0,140.0,37.0,271.296875
https://www.businessinsider.com/best-meals-to-make-in-air-fryer-chef,www.businessinsider.com,success,1408.0,1.0,9.0,9.0,19.0,38.0,2.0,30.0,35.0,0.0,1.0,0.0,1.0,0.0,1.0,1.0,1.0,1.0,1.0,124.0,69.0,412.546875
https://www.theclevercarrot.com/2014/01/sourdough-bread-a-beginners-guide/,www.theclevercarrot.com,success,5259.0,0.0,3.0,32.0,35.0,108.0,30.0,41.0,111.0,0.0,0.0,1.0,1.0,0.0,1.0,0.0,1.0,1.0,1.0,144.0,55.0,382.4453125
https://alexandracooks.com/2017/10/24/artisan-sourdough-made-simple-sourdough-bread-demystified-a-beginners-guide-to-sourdough-baking/,alexandracooks.com,success,5408.0,1.0,20.0,19.0,40.0,84.0,37.0,47.0,250.0,1.0,0.0,1.0,1.0,0.0,1.0,1.0,1.0,1.0,1.0,139.0,60.0,461.66796875
https://www.thekitchn.com/how-to-make-sourdough-bread-224367,www.thekitchn.com,success,3719.0,1.0,13.0,3.0,17.0,93.0,13.0,36.0,44.0,0.0,1.0,1.0,1.0,1.0,1.0,1.0,1.0,1.0,1.0,101.0,54.0,629.767578125
https://www.theperfectloaf.com/,www.theperfectloaf.com,success,699.0,0.0,31.0,31.0,62.0,9.0,8.0,82.0,97.0,0.0,0.0,0.0,1.0,0.0,1.0,1.0,1.0,1.0,1.0,129.0,39.0,748.8369140625
https://foodbodsourdough.com/the-process/,foodbodsourdough.com,success,2166.0,0.0,2.0,0.0,2.0,58.0,3.0,26.0,19.0,1.0,0.0,0.0,1.0,0.0,1.0,0.0,0.0,1.0,0.0,0.0,66.0,132.3955078125
https://sugarspunrun.com/sourdough-bread-recipe/,sugarspunrun.com,success,3447.0,1.0,7.0,24.0,32.0,39.0,16.0,40.0,79.0,1.0,0.0,1.0,1.0,0.0,1.0,1.0,1.0,1.0,1.0,138.0,39.0,802.3251953125
https://www.allrecipes.com/article/how-to-make-sourdough-bread/,www.allrecipes.com,success,2152.0,1.0,2.0,11.0,14.0,34.0,1.0,60.0,27.0,0.0,1.0,0.0,1.0,0.0,1.0,1.0,1.0,1.0,1.0,114.0,27.0,392.00390625
https://www.nhs.uk/healthier-families/recipes/breakfast/,www.nhs.uk,success,618.0,1.0,4.0,44.0,49.0,19.0,0.0,43.0,48.0,0.0,1.0,0.0,1.0,0.0,1.0,0.0,0.0,1.0,1.0,118.0,50.0,86.4833984375
https://www.health.com/breakfasts-for-weight-loss-8655859,www.health.com,success,2066.0,1.0,17.0,0.0,18.0,74.0,5.0,70.0,78.0,0.0,1.0,0.0,1.0,0.0,1.0,1.0,1.0,1.0,1.0,148.0,44.0,320.87109375
https://www.healthline.com/nutrition/weight-loss-breakfast-foods,www.healthline.com,success,1830.0,1.0,15.0,3.0,19.0,58.0,15.0,17.0,215.0,0.0,0.0,1.0,1.0,0.0,1.0,1.0,1.0,1.0,1.0,120.0,57.0,480.8818359375
https://www.health.harvard.edu/diet-and-nutrition/healthy-breakfast-ideas-to-support-energy-and-metabolism,www.health.harvard.edu,success,1722.0,0.0,8.0,3.0,11.0,55.0,3.0,32.0,49.0,0.0,0.0,1.0,1.0,1.0,1.0,1.0,1.0,1.0,1.0,161.0,73.0,197.15234375
https://www.eatingwell.com/20-minute-weight-loss-breakfast-recipes-11995998,www.eatingwell.com,success,1699.0,1.0,21.0,0.0,22.0,43.0,1.0,78.0,50.0,0.0,1.0,1.0,1.0,0.0,1.0,1.0,1.0,1.0,1.0,135.0,43.0,522.3828125
https://thecookingfoodie.com/recipe/healthy-breakfast-recipes-for-weight-loss/,thecookingfoodie.com,success,1937.0,0.0,15.0,12.0,27.0,30.0,7.0,45.0,95.0,1.0,0.0,0.0,1.0,0.0,1.0,0.0,1.0,1.0,1.0,139.0,85.0,736.86328125
https://greensandproteins.com/blog/high-protein-breakfast-ideas-for-weight-loss,greensandproteins.com,success,1118.0,0.0,6.0,12.0,18.0,37.0,3.0,1.0,5.0,1.0,0.0,0.0,1.0,0.0,1.0,0.0,1.0,1.0,1.0,149.0,78.0,13.7021484375
https://www.bonappetit.com/story/best-knife-sets?srsltid=AfmBOoojoRNUKnNBXGyScxdgEQFMqsIHD6xr0CdfGhTL_sYz6kmMwTha,www.bonappetit.com,success,4069.0,0.0,12.0,0.0,12.0,96.0,27.0,21.0,96.0,1.0,0.0,1.0,1.0,1.0,1.0,1.0,1.0,1.0,1.0,114.0,65.0,1534.58984375
https://www.seriouseats.com/best-knife-set-7110371,www.seriouseats.com,success,3653.0,1.0,14.0,17.0,32.0,32.0,20.0,176.0,117.0,1.0,1.0,1.0,1.0,0.0,1.0,1.0,1.0,1.0,1.0,132.0,40.0,550.689453125
https://wusthof.com/collections/knife-sets,wusthof.com,success,1785.0,1.0,9.0,36.0,46.0,15.0,24.0,93.0,60.0,0.0,0.0,1.0,1.0,1.0,0.0,0.0,1.0,1.0,1.0,99.0,72.0,766.748046875
https://www.nothingbutknives.com/best-high-end-kitchen-knife-sets/,www.nothingbutknives.com,success,8056.0,1.0,2.0,24.0,27.0,154.0,3.0,60.0,99.0,0.0,0.0,0.0,1.0,0.0,1.0,1.0,1.0,1.0,1.0,177.0,53.0,340.3134765625
https://shopping.yahoo.com/home-garden/kitchen/article/best-knife-sets-155249639.html,shopping.yahoo.com,success,3580.0,0.0,8.0,9.0,17.0,57.0,12.0,10.0,64.0,1.0,0.0,1.0,1.0,1.0,1.0,1.0,1.0,1.0,1.0,128.0,49.0,927.8310546875
https://www.allrecipes.com/longform/best-knife-sets/,www.allrecipes.com,success,3221.0,1.0,16.0,12.0,29.0,57.0,11.0,124.0,95.0,0.0,1.0,0.0,1.0,1.0,1.0,1.0,1.0,1.0,1.0,169.0,49.0,512.4501953125
https://www.foodandwine.com/lifestyle/kitchen/best-knife-block-set,www.foodandwine.com,success,6511.0,1.0,20.0,15.0,36.0,116.0,50.0,421.0,169.0,1.0,0.0,1.0,1.0,0.0,1.0,1.0,1.0,1.0,1.0,168.0,49.0,880.0322265625
https://www.weber.com/US/en/blog/tips-techniques/grilling-basics-grilled-chicken-breasts/weber-30334.html,www.weber.com,success,720.0,1.0,9.0,4.0,14.0,17.0,11.0,3.0,19.0,1.0,0.0,0.0,1.0,0.0,1.0,0.0,1.0,1.0,1.0,126.0,74.0,405.3388671875
https://www.springermountainfarms.com/the-flock/grilled-chicken-time-temperature-chart-perfect-every-time/,www.springermountainfarms.com,success,1124.0,2.0,9.0,4.0,15.0,40.0,4.0,9.0,22.0,1.0,0.0,0.0,1.0,0.0,1.0,0.0,1.0,1.0,1.0,126.0,87.0,285.435546875
https://www.chilesandsmoke.com/grilled-chicken-breast/,www.chilesandsmoke.com,success,3077.0,0.0,16.0,12.0,28.0,51.0,11.0,34.0,45.0,1.0,0.0,0.0,1.0,0.0,1.0,1.0,1.0,1.0,1.0,137.0,60.0,437.5517578125
https://cooking.nytimes.com/article/4-ways-to-grill-chicken-breasts-juicy,cooking.nytimes.com,success,1595.0,0.0,5.0,26.0,31.0,93.0,2.0,25.0,36.0,0.0,0.0,0.0,1.0,0.0,1.0,1.0,1.0,1.0,1.0,52.0,69.0,393.5869140625
https://www.delish.com/cooking/recipe-ideas/a53483/best-grilled-chicken-breast-recipe/,www.delish.com,success,1379.0,0.0,13.0,0.0,13.0,24.0,7.0,46.0,35.0,0.0,0.0,0.0,1.0,1.0,1.0,0.0,1.0,1.0,1.0,136.0,34.0,1491.8505859375
https://www.perduefarms.com/en-US/chicken-grilling-guide.html?srsltid=AfmBOop7mZk3BXYQL93OK0l1ZPyVQOPgXV8ldCRjMXXoERagaGdvB8Y3,www.perduefarms.com,success,1609.0,2.0,11.0,1.0,14.0,32.0,4.0,15.0,23.0,0.0,0.0,1.0,1.0,0.0,1.0,0.0,0.0,1.0,1.0,311.0,46.0,514.001953125
https://allergysuperheroesblog.com/2017/05/the-ultimate-egg-substitute-comparison/,allergysuperheroesblog.com,success,8256.0,3.0,1.0,20.0,24.0,132.0,25.0,40.0,66.0,0.0,0.0,0.0,1.0,1.0,1.0,0.0,1.0,1.0,1.0,104.0,66.0,257.0859375
https://www.thekitchn.com/best-egg-substitutes-baking-23003895,www.thekitchn.com,success,1273.0,1.0,12.0,0.0,13.0,23.0,3.0,11.0,45.0,1.0,1.0,0.0,1.0,0.0,1.0,1.0,1.0,1.0,1.0,74.0,66.0,448.025390625
https://urbanblisslife.com/best-egg-substitutes-for-baking-and-cooking/,urbanblisslife.com,success,1597.0,1.0,5.0,20.0,26.0,58.0,32.0,77.0,79.0,1.0,0.0,0.0,1.0,0.0,1.0,1.0,1.0,1.0,0.0,0.0,62.0,540.9521484375
https://www.epicurious.com/expert-advice/best-egg-replacement-for-vegan-baking-article,www.epicurious.com,success,1111.0,0.0,2.0,0.0,2.0,15.0,1.0,16.0,51.0,0.0,0.0,1.0,1.0,1.0,1.0,0.0,1.0,1.0,1.0,116.0,71.0,1036.4404296875
https://www.duncanhines.com/baking-inspiration/no-eggs-15-egg-selent-substitutes-your-favorite-baking-recipes,www.duncanhines.com,success,758.0,1.0,16.0,0.0,17.0,17.0,16.0,25.0,12.0,0.0,0.0,0.0,1.0,0.0,0.0,0.0,0.0,0.0,1.0,157.0,49.0,33.626953125
https://fedandfit.com/egg-substitute-for-baking/,fedandfit.com,success,3453.0,1.0,18.0,17.0,36.0,80.0,26.0,64.0,87.0,1.0,0.0,0.0,1.0,0.0,1.0,1.0,1.0,1.0,1.0,122.0,65.0,551.2001953125
https://engagement.source.colostate.edu/7-affordable-egg-substitutes-for-baking/,engagement.source.colostate.edu,success,1289.0,1.0,4.0,10.0,15.0,32.0,9.0,17.0,19.0,0.0,1.0,0.0,1.0,1.0,1.0,1.0,1.0,1.0,1.0,156.0,88.0,131.806640625
https://www.recipetineats.com/how-to-cook-rice/,www.recipetineats.com,success,4751.0,0.0,19.0,9.0,28.0,154.0,29.0,42.0,128.0,0.0,0.0,1.0,1.0,1.0,1.0,0.0,1.0,1.0,1.0,149.0,62.0,530.7099609375
https://www.all-clad.com/blog/post/How-to-Cook-Perfect-Rice-on-the-Stove?srsltid=AfmBOop1-chtKJvP_EUdG8nhnlGyCQzbMWHJCVoMK_1Y8iGtRHM8I1Ck,www.all-clad.com,success,1070.0,1.0,9.0,1.0,11.0,19.0,5.0,5.0,44.0,0.0,0.0,0.0,1.0,1.0,1.0,1.0,1.0,1.0,1.0,142.0,39.0,320.3173828125
https://natashaskitchen.com/how-to-cook-rice/,natashaskitchen.com,success,1518.0,0.0,10.0,12.0,22.0,11.0,11.0,16.0,57.0,0.0,1.0,0.0,1.0,0.0,1.0,0.0,1.0,1.0,1.0,126.0,50.0,638.025390625
https://www.bonappetit.com/story/best-meal-delivery-services?srsltid=AfmBOooSZpp0m9o_ND6KZRkz7egWUsoB6GJJgAiVzW-T1XPMfmkdzCW6,www.bonappetit.com,success,13354.0,0.0,16.0,12.0,28.0,267.0,69.0,86.0,206.0,1.0,0.0,1.0,1.0,1.0,1.0,1.0,1.0,1.0,1.0,151.0,74.0,2373.5439453125
https://www.seriouseats.com/best-meal-delivery-services-8734261,www.seriouseats.com,success,3996.0,1.0,13.0,22.0,36.0,39.0,18.0,152.0,83.0,1.0,0.0,1.0,1.0,0.0,1.0,1.0,1.0,1.0,1.0,195.0,60.0,510.392578125
https://www.wired.com/gallery/best-meal-kit-services-1/,www.wired.com,success,10665.0,0.0,17.0,10.0,27.0,147.0,37.0,66.0,219.0,1.0,0.0,1.0,1.0,1.0,1.0,0.0,1.0,1.0,1.0,156.0,73.0,2068.0361328125
https://www.homechef.com/?srsltid=AfmBOooPG5QEYfjXrWWTPvERkVgbMfyhJH_YO-Jd4bJSlgnB4vNjP1w1,www.homechef.com,success,1574.0,6.0,19.0,15.0,40.0,68.0,4.0,32.0,21.0,1.0,0.0,1.0,1.0,0.0,1.0,0.0,0.0,0.0,1.0,138.0,66.0,186.3046875
https://www.cnet.com/health/nutrition/best-meal-kit-delivery-service/,www.cnet.com,success,9285.0,0.0,38.0,32.0,70.0,179.0,56.0,134.0,156.0,1.0,0.0,1.0,1.0,1.0,1.0,1.0,1.0,1.0,1.0,116.0,62.0,1186.2314453125
https://www.deliveryrank.com/blog/best-meal-delivery-services,www.deliveryrank.com,success,5187.0,1.0,13.0,13.0,27.0,169.0,16.0,50.0,96.0,1.0,0.0,1.0,1.0,0.0,1.0,1.0,1.0,0.0,1.0,133.0,62.0,324.1875
https://www.liquidplumr.com/diy-plumbing-tips/how-baking-soda-and-vinegar-cleans-drains/,www.liquidplumr.com,success,608.0,1.0,0.0,9.0,10.0,39.0,15.0,11.0,28.0,1.0,0.0,0.0,1.0,0.0,1.0,0.0,1.0,1.0,1.0,163.0,64.0,146.7333984375
https://www.atcoenergy.com/blog/ways-to-unclog-a-drain-without-a-plumber,www.atcoenergy.com,success,1324.0,1.0,6.0,10.0,17.0,27.0,0.0,17.0,30.0,1.0,0.0,0.0,1.0,0.0,1.0,1.0,1.0,1.0,1.0,153.0,56.0,118.119140625
https://www.homesandgardens.com/solved/cleared-blocked-bathroom-drain-in-minutes-with-kitchen-items,www.homesandgardens.com,success,2176.0,0.0,2.0,1.0,3.0,55.0,8.0,29.0,79.0,0.0,0.0,0.0,1.0,1.0,1.0,0.0,1.0,1.0,1.0,158.0,78.0,1927.8369140625
https://www.kaercher.com/int/home-garden/know-how/cleaning-drains-without-chemicals.html,www.kaercher.com,success,882.0,1.0,7.0,4.0,12.0,11.0,4.0,10.0,17.0,0.0,0.0,0.0,1.0,0.0,0.0,0.0,1.0,1.0,1.0,151.0,57.0,71.11328125
https://davidsuzuki.org/living-green/how-to-unclog-a-drain/,davidsuzuki.org,success,680.0,0.0,6.0,2.0,8.0,16.0,3.0,7.0,26.0,0.0,0.0,0.0,1.0,0.0,0.0,0.0,1.0,1.0,1.0,159.0,71.0,93.484375
https://eye-swoon.com/blogs/design/best-paint-color-for-small-rooms?srsltid=AfmBOor9LOsJQzILCrzLoCVbNRoxi0o-VcQmARrL2GSbsezHQJbxyZRC,eye-swoon.com,success,1300.0,0.0,10.0,12.0,22.0,26.0,0.0,23.0,75.0,0.0,0.0,0.0,1.0,0.0,1.0,0.0,0.0,1.0,1.0,130.0,88.0,233.79296875
https://southernhomeandhospitality.com/best-paint-colors-small-room-feel-bigger/,southernhomeandhospitality.com,success,2104.0,0.0,14.0,11.0,25.0,80.0,14.0,16.0,36.0,0.0,0.0,0.0,1.0,1.0,1.0,0.0,1.0,1.0,1.0,120.0,50.0,331.4990234375
https://www.benjaminmoore.com/en-us/project-ideas-inspiration/interiors/small-rooms-spaces-paint-colors,www.benjaminmoore.com,success,1764.0,1.0,6.0,18.0,25.0,41.0,9.0,31.0,118.0,1.0,0.0,0.0,1.0,0.0,1.0,0.0,1.0,0.0,1.0,156.0,58.0,321.41015625
https://michaelhelwiginteriors.com/2017-blog/2026/3/26/spring-refresh-my-top-5-paint-colors-that-make-small-rooms-feel-bigger,michaelhelwiginteriors.com,success,2204.0,7.0,1.0,1.0,9.0,58.0,0.0,25.0,14.0,0.0,0.0,0.0,1.0,1.0,1.0,0.0,1.0,1.0,1.0,198.0,98.0,188.076171875
https://www.pinterest.com/pin/the-best-paint-colors-for-small-spaces-house-home--446349013078844595/,www.pinterest.com,success,144.0,1.0,2.0,2.0,5.0,0.0,0.0,3.0,13.0,0.0,0.0,0.0,1.0,0.0,1.0,0.0,1.0,1.0,1.0,236.0,162.0,1311.6181640625
https://www.sherwin-williams.com/en-us/color/room-paint-colors,www.sherwin-williams.com,success,439.0,4.0,9.0,2.0,15.0,15.0,2.0,31.0,53.0,1.0,0.0,0.0,1.0,0.0,1.0,0.0,1.0,0.0,1.0,138.0,54.0,114.9111328125
https://www.southernliving.com/paint-colors-make-small-rooms-bigger-11964644?srsltid=AfmBOoqx8qBOWNeoSOWZlAtb8BAKqdnsqHYa5ntbkkTUxDJ5qoqocrKx,www.southernliving.com,success,1564.0,1.0,14.0,1.0,16.0,17.0,3.0,60.0,30.0,1.0,1.0,1.0,1.0,1.0,1.0,1.0,1.0,1.0,1.0,156.0,59.0,336.1962890625
https://www.kylieminteriors.ca/19-paint-colors-to-make-a-small-room-look-bigger/,www.kylieminteriors.ca,success,4788.0,0.0,25.0,12.0,37.0,217.0,17.0,49.0,101.0,0.0,0.0,1.0,1.0,0.0,1.0,0.0,1.0,1.0,1.0,152.0,50.0,649.6005859375
https://www.workshop.bunnings.com.au/discussion/150571/how-to-remove-black-mould-in-bathroom-on-tile,www.workshop.bunnings.com.au,success,633.0,1.0,3.0,0.0,4.0,28.0,1.0,10.0,18.0,0.0,0.0,0.0,1.0,0.0,1.0,0.0,1.0,1.0,1.0,323.0,76.0,1283.306640625
https://www.sanctuary-bathrooms.co.uk/guides/how-clean-bathroom-mould,www.sanctuary-bathrooms.co.uk,success,1284.0,1.0,6.0,1.0,8.0,29.0,19.0,12.0,81.0,0.0,0.0,1.0,1.0,1.0,1.0,1.0,1.0,1.0,1.0,155.0,49.0,786.0654296875
https://www.thespruce.com/how-to-get-rid-of-mold-in-bathroom-8704973,www.thespruce.com,success,1323.0,1.0,8.0,0.0,9.0,20.0,5.0,36.0,30.0,0.0,1.0,1.0,1.0,0.0,1.0,1.0,1.0,1.0,1.0,129.0,66.0,287.15234375
https://www.microban.com/blog/how-to-remove-mold-and-tough-stains-from-your-ceramic-tiles-and-avoid-them,www.microban.com,success,951.0,1.0,5.0,3.0,9.0,8.0,15.0,26.0,131.0,1.0,0.0,1.0,1.0,0.0,1.0,0.0,1.0,1.0,1.0,151.0,61.0,75.8896484375
https://vacuumwars.com/vacuum-wars-best-robot-vacuums/,vacuumwars.com,success,9400.0,1.0,25.0,34.0,60.0,370.0,0.0,129.0,182.0,1.0,0.0,1.0,1.0,0.0,1.0,1.0,1.0,1.0,1.0,159.0,58.0,602.3076171875
https://www.thesmarthomehookup.com/2026-ultimate-robot-vacuum-and-mop-comparison/,www.thesmarthomehookup.com,success,5080.0,1.0,0.0,20.0,21.0,85.0,6.0,32.0,69.0,0.0,0.0,1.0,1.0,0.0,0.0,1.0,0.0,0.0,0.0,0.0,59.0,111.685546875
https://www.nytimes.com/wirecutter/reviews/best-robot-vacuum/,www.nytimes.com,success,5196.0,1.0,19.0,12.0,32.0,106.0,6.0,48.0,117.0,0.0,0.0,1.0,1.0,0.0,1.0,1.0,1.0,1.0,1.0,120.0,54.0,499.5595703125
https://www.amazon.com/Best-Sellers-Robotic-Vacuums/zgbs/home-garden/3743561,www.amazon.com,success,1533.0,2.0,0.0,0.0,2.0,1.0,17.0,37.0,211.0,0.0,0.0,0.0,1.0,0.0,1.0,1.0,0.0,0.0,1.0,126.0,41.0,442.6435546875
https://mashable.com/roundup/best-robot-vacuum-mop-2026,mashable.com,success,5525.0,0.0,10.0,42.0,52.0,61.0,20.0,55.0,136.0,1.0,0.0,1.0,1.0,1.0,1.0,1.0,1.0,1.0,1.0,135.0,95.0,486.7763671875
https://www.deltafaucet.com/il/home-improvement-101/diy-easiest-way-fix-leaky-faucet,www.deltafaucet.com,success,121.0,1.0,0.0,1.0,2.0,4.0,1.0,0.0,1.0,0.0,0.0,0.0,0.0,0.0,0.0,0.0,0.0,0.0,0.0,0.0,23.0,5.916015625
https://www.jaquar.com/en/blog/easy-diy-faucet-leak-repairs,www.jaquar.com,success,2228.0,1.0,11.0,0.0,12.0,60.0,24.0,15.0,136.0,0.0,0.0,0.0,1.0,0.0,1.0,1.0,0.0,1.0,1.0,207.0,49.0,149.4990234375
https://www.rotorooter.com/blog/faucets/how-to-fix-a-leaky-faucet/,www.rotorooter.com,success,898.0,1.0,6.0,3.0,10.0,21.0,3.0,2.0,17.0,0.0,0.0,0.0,1.0,0.0,1.0,0.0,1.0,1.0,1.0,104.0,39.0,295.98046875
https://allprodad.com/quick-fix-how-to-fix-a-leaky-faucet/,allprodad.com,success,835.0,1.0,2.0,3.0,6.0,10.0,5.0,11.0,32.0,0.0,0.0,0.0,1.0,0.0,1.0,0.0,1.0,1.0,1.0,114.0,50.0,160.2158203125
https://www.patchplants.com/collections/plants-indoor-light-or-shade/,www.patchplants.com,success,2556.0,0.0,4.0,47.0,51.0,32.0,46.0,314.0,182.0,1.0,0.0,0.0,1.0,0.0,1.0,0.0,1.0,1.0,1.0,160.0,62.0,1008.6494140625
https://roomfortuesday.com/the-easiest-indoor-plants-that-thrive-in-low-light/,roomfortuesday.com,success,3552.0,0.0,14.0,5.0,19.0,57.0,10.0,23.0,44.0,1.0,0.0,0.0,1.0,0.0,1.0,0.0,1.0,1.0,1.0,141.0,50.0,307.314453125
https://www.rhs.org.uk/plants/types/houseplants/houseplants-for-shady-rooms,www.rhs.org.uk,success,1186.0,0.0,4.0,48.0,52.0,14.0,1.0,51.0,52.0,0.0,0.0,1.0,1.0,0.0,1.0,0.0,1.0,1.0,1.0,98.0,36.0,239.435546875
https://www.thesill.com/collections/low-light-plants?srsltid=AfmBOop3hDHqJAa0ae8m1219T5OB1c6Q4aCYe1TBzn8U_Xsaw6zz_vBQ,www.thesill.com,success,1305.0,0.0,3.0,27.0,30.0,85.0,12.0,763.0,82.0,1.0,0.0,0.0,1.0,0.0,0.0,0.0,1.0,1.0,1.0,145.0,60.0,2876.591796875
https://plantura.garden/uk/houseplants/houseplant-collections/low-light-indoor-plants,plantura.garden,success,3371.0,0.0,4.0,15.0,19.0,87.0,50.0,70.0,92.0,0.0,0.0,1.0,1.0,1.0,1.0,0.0,0.0,1.0,1.0,137.0,57.0,142.6611328125
https://www.ecoorganicgarden.com.au/gardening-tips/top-10-indoor-plants-for-low-light/?srsltid=AfmBOooNZLJkyH1ARFlqadakrMiv2lmbv586tXZUx6IJWw9XI0BcePoZ,www.ecoorganicgarden.com.au,success,2382.0,1.0,0.0,0.0,1.0,64.0,5.0,12.0,51.0,1.0,0.0,0.0,1.0,1.0,1.0,0.0,0.0,1.0,1.0,141.0,62.0,59.41015625
https://naplab.com/best-mattress/best-mattress-for-back-pain/,naplab.com,success,5955.0,0.0,20.0,40.0,60.0,161.0,25.0,159.0,195.0,1.0,0.0,1.0,1.0,0.0,1.0,0.0,1.0,1.0,1.0,129.0,60.0,555.0703125
https://www.ncoa.org/product-resources/sleep/best-orthopedic-mattresses/,www.ncoa.org,success,6505.0,0.0,18.0,45.0,63.0,276.0,61.0,65.0,93.0,1.0,0.0,1.0,1.0,1.0,1.0,1.0,1.0,1.0,1.0,137.0,38.0,536.001953125
https://www.mattressnerd.com/best-mattress-for-back-pain/,www.mattressnerd.com,success,10129.0,1.0,39.0,72.0,112.0,150.0,22.0,40.0,161.0,1.0,0.0,1.0,1.0,0.0,1.0,1.0,1.0,1.0,1.0,157.0,52.0,1557.48828125
https://www.sleepfoundation.org/best-mattress/best-mattress-for-back-pain,www.sleepfoundation.org,success,13019.0,0.0,12.0,36.0,48.0,620.0,31.0,45.0,122.0,0.0,1.0,1.0,1.0,0.0,1.0,1.0,1.0,1.0,1.0,151.0,60.0,763.2265625
https://www.sleepadvisor.org/best-mattresses-for-back-pain/,www.sleepadvisor.org,success,11640.0,1.0,29.0,51.0,81.0,226.0,6.0,233.0,212.0,1.0,0.0,1.0,1.0,0.0,1.0,1.0,1.0,1.0,1.0,150.0,57.0,985.966796875
https://food52.com/story/26529-how-to-get-rid-of-ants-in-the-kitchen,food52.com,success,745.0,0.0,4.0,0.0,4.0,12.0,0.0,1.0,6.0,0.0,0.0,0.0,1.0,0.0,1.0,0.0,1.0,1.0,1.0,134.0,47.0,176.935546875
https://www.bugoutservice.com/ant-exterminators/ant-control/natural-ways-to-get-rid-of-ants/,www.bugoutservice.com,success,1849.0,1.0,6.0,13.0,20.0,43.0,4.0,13.0,21.0,0.0,0.0,1.0,1.0,1.0,1.0,0.0,1.0,1.0,1.0,132.0,43.0,586.123046875
https://callwaynes.com/blog/how-to-get-rid-of-ants-in-your-kitchen/,callwaynes.com,success,2641.0,1.0,8.0,24.0,33.0,43.0,10.0,12.0,82.0,1.0,0.0,0.0,1.0,0.0,1.0,0.0,1.0,1.0,1.0,132.0,55.0,578.6865234375
https://www.newlon.org.uk/top-tips-to-deal-with-ants-inside-and-outside-your-home/,www.newlon.org.uk,success,1143.0,1.0,1.0,0.0,2.0,20.0,3.0,0.0,36.0,0.0,0.0,0.0,1.0,0.0,0.0,0.0,1.0,1.0,0.0,0.0,78.0,66.158203125
https://www.wired.com/gallery/the-best-space-heaters/,www.wired.com,success,7359.0,0.0,17.0,8.0,25.0,121.0,25.0,44.0,151.0,1.0,0.0,1.0,1.0,1.0,1.0,1.0,1.0,1.0,1.0,155.0,69.0,1789.9130859375
https://www.consumerreports.org/appliances/space-heaters/best-space-heaters-of-the-year-a6792168873/,www.consumerreports.org,success,1087.0,1.0,6.0,0.0,7.0,73.0,2.0,33.0,54.0,0.0,0.0,1.0,1.0,0.0,1.0,1.0,1.0,1.0,1.0,117.0,73.0,496.6787109375
https://www.nytimes.com/wirecutter/reviews/best-space-heaters/?eafs_enabled=false,www.nytimes.com,success,9869.0,0.0,31.0,31.0,62.0,159.0,10.0,66.0,266.0,0.0,0.0,1.0,1.0,0.0,1.0,1.0,1.0,1.0,1.0,95.0,56.0,767.294921875
https://redfernent.com/blogs/news/which-space-heater-is-best-for-winter-a-real-comparison-guide-for-cold-homes?srsltid=AfmBOopmOM0EV7M1D477eVYE93wD-Cw295yoDWNNKhCQCM2izgPAKmF9,redfernent.com,success,662.0,0.0,3.0,0.0,3.0,58.0,14.0,1.0,29.0,0.0,0.0,1.0,1.0,0.0,1.0,0.0,1.0,1.0,1.0,143.0,70.0,299.3193359375
https://www.thespruce.com/best-space-heaters-4062979,www.thespruce.com,success,4528.0,1.0,15.0,10.0,26.0,108.0,31.0,212.0,105.0,0.0,1.0,0.0,1.0,0.0,1.0,1.0,1.0,1.0,1.0,139.0,46.0,550.00390625
https://www.nourishmovelove.com/fitness-beginner-workout-plan/,www.nourishmovelove.com,success,5814.0,1.0,20.0,34.0,55.0,108.0,44.0,52.0,143.0,1.0,0.0,0.0,1.0,0.0,1.0,1.0,1.0,1.0,1.0,159.0,28.0,467.111328125
https://www.muscleandstrength.com/workouts/beginner,www.muscleandstrength.com,success,2051.0,1.0,2.0,0.0,3.0,5.0,1.0,51.0,153.0,0.0,0.0,0.0,1.0,0.0,0.0,0.0,0.0,1.0,1.0,132.0,66.0,105.66796875
https://health.clevelandclinic.org/workout-routine,health.clevelandclinic.org,success,2070.0,1.0,5.0,19.0,25.0,49.0,7.0,30.0,113.0,0.0,0.0,1.0,1.0,0.0,1.0,1.0,1.0,1.0,1.0,126.0,28.0,368.029296875
https://www.goldsgym.com/blog/beginner-workout-plan/,www.goldsgym.com,success,2815.0,1.0,7.0,7.0,15.0,43.0,22.0,4.0,27.0,0.0,1.0,0.0,1.0,0.0,1.0,1.0,1.0,1.0,1.0,156.0,74.0,122.6181640625
https://www.healthline.com/health/fitness-exercise/at-home-workouts,www.healthline.com,success,3186.0,1.0,36.0,5.0,42.0,97.0,42.0,23.0,224.0,1.0,0.0,0.0,1.0,0.0,1.0,1.0,1.0,1.0,1.0,195.0,70.0,596.5615234375
https://www.bhf.org.uk/informationsupport/heart-matters-magazine/activity/best-exercise-to-lose-belly-fat,www.bhf.org.uk,success,883.0,1.0,5.0,5.0,11.0,29.0,2.0,10.0,24.0,0.0,0.0,0.0,1.0,0.0,1.0,1.0,1.0,1.0,1.0,142.0,61.0,111.4267578125
https://www.healthline.com/nutrition/20-tips-to-lose-belly-fat,www.healthline.com,success,2988.0,1.0,20.0,5.0,26.0,98.0,19.0,17.0,242.0,1.0,0.0,1.0,1.0,0.0,1.0,1.0,1.0,1.0,1.0,142.0,55.0,699.5458984375
https://www.bbc.co.uk/food/articles/how_to_lose_belly_fat_in_four_weeks,www.bbc.co.uk,success,467.0,1.0,4.0,0.0,5.0,21.0,3.0,10.0,8.0,0.0,0.0,0.0,1.0,0.0,1.0,0.0,1.0,1.0,1.0,46.0,57.0,224.591796875
https://www.health.harvard.edu/healthy-aging-and-longevity/how-to-get-rid-of-belly-fat,www.health.harvard.edu,success,2103.0,0.0,10.0,5.0,15.0,65.0,1.0,33.0,51.0,0.0,0.0,1.0,1.0,1.0,1.0,1.0,1.0,1.0,1.0,251.0,44.0,201.3740234375
https://www.healthhub.sg/well-being-and-lifestyle/exercise-and-fitness/will-running-solve-my-pot-belly-problem,www.healthhub.sg,success,1179.0,1.0,8.0,1.0,10.0,37.0,8.0,7.0,30.0,0.0,0.0,1.0,1.0,0.0,1.0,1.0,1.0,1.0,1.0,121.0,46.0,160.5791015625
https://www.blua.bupa.com.au/weight-and-nutrition/weight-management/6-simple-ways-to-reduce-unwanted-belly-fat,www.blua.bupa.com.au,success,1484.0,1.0,9.0,5.0,15.0,57.0,7.0,9.0,45.0,0.0,0.0,0.0,1.0,0.0,1.0,1.0,1.0,1.0,1.0,151.0,42.0,425.6025390625
https://www.nonetorun.com/blog/evidence-based-tips-to-start-and-stick-with-running,www.nonetorun.com,success,470.0,0.0,3.0,8.0,11.0,12.0,0.0,11.0,36.0,0.0,0.0,0.0,1.0,1.0,1.0,1.0,1.0,1.0,1.0,128.0,67.0,137.6962890625
https://www.nordictrack.com/blog/beginners-running-guide?srsltid=AfmBOopupppz-G9yQdKOR3Os9aorXAUgrD3cJyeAITRVJbhuvhW_k0Xd,www.nordictrack.com,success,1509.0,1.0,9.0,1.0,11.0,29.0,5.0,3.0,10.0,0.0,0.0,1.0,1.0,0.0,0.0,1.0,1.0,1.0,1.0,124.0,83.0,434.529296875
https://www.runnersworld.com/training/a20845020/how-to-get-started-as-a-runner/,www.runnersworld.com,success,2378.0,0.0,18.0,0.0,18.0,49.0,2.0,17.0,78.0,0.0,1.0,1.0,1.0,0.0,1.0,0.0,1.0,1.0,1.0,124.0,52.0,779.0712890625
https://www.heather-grace.com/blog/how-to-start-running-5-tips-for-beginners,www.heather-grace.com,success,1358.0,1.0,8.0,0.0,9.0,28.0,1.0,11.0,40.0,0.0,0.0,0.0,1.0,0.0,1.0,0.0,1.0,1.0,1.0,159.0,73.0,206.8916015625
https://www.cedars-sinai.org/stories-and-insights/expert-advice/the-best-stretches-and-exercises-for-lower-back-pain,www.cedars-sinai.org,success,1735.0,0.0,9.0,9.0,18.0,63.0,1.0,31.0,16.0,1.0,0.0,1.0,1.0,0.0,1.0,1.0,1.0,1.0,1.0,162.0,67.0,230.7265625
https://www.healthline.com/health/lower-back-stretches,www.healthline.com,success,1935.0,1.0,11.0,8.0,20.0,41.0,28.0,18.0,167.0,1.0,0.0,0.0,1.0,0.0,1.0,1.0,1.0,1.0,1.0,148.0,34.0,541.4951171875
https://www.nhsinform.scot/illnesses-and-conditions/muscle-bone-and-joints/neck-and-back-problems-and-conditions/exercises-for-back-pain/,www.nhsinform.scot,success,1254.0,1.0,5.0,9.0,15.0,47.0,8.0,0.0,8.0,0.0,0.0,0.0,1.0,0.0,0.0,0.0,1.0,1.0,1.0,147.0,45.0,245.431640625
https://painspecialistsaustralia.com.au/blog/best-stretches-for-back-pain-relief,painspecialistsaustralia.com.au,success,1599.0,1.0,5.0,15.0,21.0,151.0,49.0,6.0,8.0,0.0,0.0,0.0,1.0,0.0,1.0,0.0,1.0,1.0,1.0,396.0,97.0,166.2216796875
https://internationalspineandsports.com/10-effective-stretches-for-lower-back-pain-relief/,internationalspineandsports.com,success,829.0,1.0,2.0,11.0,14.0,16.0,10.0,1.0,6.0,0.0,1.0,0.0,1.0,0.0,1.0,0.0,1.0,1.0,1.0,119.0,41.0,371.0146484375
https://www.hss.edu/health-library/move-better/exercises-for-lower-back-pain,www.hss.edu,success,1299.0,1.0,8.0,11.0,20.0,28.0,8.0,4.0,15.0,0.0,0.0,0.0,1.0,0.0,1.0,0.0,1.0,1.0,1.0,94.0,54.0,55.9931640625
https://utswmed.org/medblog/how-many-steps-per-day/,utswmed.org,success,1454.0,1.0,6.0,9.0,16.0,45.0,12.0,17.0,80.0,0.0,0.0,0.0,1.0,0.0,1.0,1.0,0.0,1.0,1.0,169.0,124.0,94.546875
https://www.medicalnewstoday.com/articles/how-many-steps-should-you-take-a-day,www.medicalnewstoday.com,success,1863.0,1.0,8.0,7.0,16.0,42.0,16.0,4.0,142.0,1.0,0.0,1.0,1.0,0.0,1.0,1.0,1.0,1.0,1.0,150.0,60.0,320.89453125
https://www.nih.gov/news-events/nih-research-matters/number-steps-day-more-important-step-intensity,www.nih.gov,success,1026.0,2.0,4.0,6.0,12.0,37.0,2.0,5.0,29.0,1.0,0.0,1.0,1.0,0.0,1.0,0.0,0.0,1.0,1.0,141.0,96.0,63.865234375
https://www.healthline.com/health/how-many-steps-a-day,www.healthline.com,success,2143.0,1.0,9.0,6.0,16.0,50.0,18.0,17.0,155.0,1.0,0.0,1.0,1.0,0.0,1.0,1.0,1.0,1.0,1.0,140.0,31.0,413.845703125
https://ki.se/en/research/popular-science-and-dialogue/spotlight-on/spotlight-on-sports-and-exercise/is-walking-10000-steps-a-day-enough,ki.se,success,470.0,1.0,3.0,0.0,4.0,10.0,0.0,3.0,4.0,0.0,0.0,0.0,1.0,1.0,1.0,1.0,1.0,1.0,0.0,0.0,61.0,65.228515625
https://www.bhf.org.uk/informationsupport/heart-matters-magazine/activity/how-many-steps-a-day-should-i-walk-for-my-heart-health,www.bhf.org.uk,success,755.0,1.0,4.0,6.0,11.0,15.0,0.0,6.0,14.0,0.0,0.0,0.0,1.0,0.0,1.0,1.0,1.0,1.0,1.0,103.0,61.0,105.6953125
https://www.garagegymreviews.com/best-compact-exercise-equipment,www.garagegymreviews.com,success,13871.0,1.0,59.0,50.0,110.0,249.0,18.0,191.0,162.0,1.0,0.0,1.0,1.0,1.0,1.0,1.0,1.0,1.0,1.0,129.0,78.0,1087.5849609375
https://www.garner.ae/blogs/news/creating-the-perfect-home-gym-space-saving-equipment-for-small-spaces?srsltid=AfmBOornbN5BHSl-cakkPXImPAgQg8krCtT1ZH4AkFuYotguhaKOz3_M,www.garner.ae,success,1094.0,0.0,1.0,11.0,12.0,7.0,13.0,4.0,12.0,0.0,0.0,0.0,1.0,0.0,1.0,1.0,1.0,1.0,1.0,1.0,100.0,301.9716796875
https://vivofitness.com/blog/best-gym-equipments-small-apartments/,vivofitness.com,success,2022.0,0.0,8.0,23.0,31.0,34.0,0.0,9.0,30.0,0.0,1.0,0.0,1.0,1.0,1.0,0.0,1.0,1.0,1.0,151.0,64.0,84.4912109375
https://theadultman.com/health-and-fitness/best-compact-home-gyms/,theadultman.com,success,3581.0,1.0,6.0,21.0,28.0,100.0,13.0,36.0,128.0,1.0,0.0,0.0,1.0,0.0,1.0,1.0,1.0,1.0,1.0,157.0,45.0,571.4208984375
https://miraclefitnessuae.com/blogs/best-fitness-equipment-in-uae-for-small-spaces-UBogA?srsltid=AfmBOor-ObQq8GzF6UZJOqu4y872LfKd0x7REIWyjzgn6gdUJwtLjjEr,miraclefitnessuae.com,success,995.0,1.0,1.0,0.0,2.0,70.0,11.0,20.0,18.0,0.0,1.0,0.0,1.0,0.0,0.0,1.0,0.0,0.0,1.0,152.0,91.0,323.3271484375
https://speediance.eu/blogs/news/best-home-gym-equipment-for-small-spaces,speediance.eu,success,1692.0,0.0,12.0,24.0,36.0,46.0,5.0,10.0,18.0,1.0,0.0,0.0,1.0,0.0,1.0,0.0,1.0,1.0,1.0,320.0,96.0,227.94921875
https://www.nhs.uk/mental-health/self-help/guides-tools-and-activities/tips-to-reduce-stress/,www.nhs.uk,success,710.0,1.0,2.0,12.0,15.0,34.0,0.0,0.0,6.0,0.0,0.0,0.0,1.0,1.0,1.0,0.0,1.0,1.0,1.0,110.0,23.0,29.7734375
https://www.colorado.edu/law/25-quick-ways-reduce-stress,www.colorado.edu,success,1082.0,1.0,1.0,1.0,3.0,27.0,2.0,2.0,46.0,0.0,1.0,0.0,1.0,0.0,0.0,0.0,0.0,1.0,1.0,340.0,78.0,54.5224609375
https://www.healthline.com/nutrition/16-ways-relieve-stress-anxiety,www.healthline.com,success,1859.0,1.0,17.0,8.0,26.0,58.0,23.0,18.0,227.0,0.0,0.0,0.0,1.0,0.0,1.0,1.0,1.0,1.0,1.0,86.0,44.0,498.9931640625
https://www.health.harvard.edu/mental-health/how-to-reduce-stress-and-anxiety-through-movement-and-mindfulness,www.health.harvard.edu,success,1512.0,0.0,6.0,3.0,9.0,51.0,0.0,30.0,47.0,0.0,0.0,1.0,1.0,1.0,1.0,1.0,1.0,1.0,1.0,165.0,82.0,191.8984375
https://www.mdanderson.org/cancerwise/anxiety-hacks--7-tools-to-manage-stress-and-worry-in-the-moment.h00-159537378.html,www.mdanderson.org,success,1242.0,1.0,8.0,7.0,16.0,34.0,2.0,0.0,27.0,0.0,0.0,0.0,1.0,0.0,1.0,0.0,1.0,1.0,1.0,223.0,78.0,159.0068359375
https://blog.providence.org/alternative-medicine/natural-remedies-to-help-with-stress-and-anxiety-2,blog.providence.org,success,1785.0,1.0,3.0,13.0,17.0,44.0,9.0,24.0,113.0,0.0,0.0,0.0,1.0,0.0,1.0,1.0,0.0,1.0,1.0,180.0,48.0,250.6845703125
https://www.healthline.com/health/exercise-fitness/yoga-for-flexibility,www.healthline.com,success,2235.0,1.0,9.0,10.0,20.0,36.0,27.0,18.0,155.0,0.0,0.0,0.0,1.0,0.0,1.0,1.0,1.0,1.0,1.0,159.0,66.0,446.26953125
https://www.womenshealthmag.com/fitness/g31143417/yoga-stretches/,www.womenshealthmag.com,success,2954.0,0.0,21.0,0.0,21.0,100.0,21.0,16.0,31.0,0.0,0.0,0.0,1.0,1.0,1.0,0.0,1.0,1.0,1.0,159.0,64.0,808.546875
https://www.eosfitness.com/blog/yoga-poses-for-enhanced-flexibility,www.eosfitness.com,success,1313.0,0.0,8.0,12.0,20.0,49.0,14.0,20.0,21.0,0.0,0.0,0.0,1.0,0.0,1.0,1.0,1.0,0.0,1.0,160.0,54.0,4566.0263671875
https://www.onepeloton.com/blog/yoga-for-flexibility,www.onepeloton.com,success,2574.0,2.0,5.0,10.0,17.0,75.0,10.0,18.0,63.0,0.0,0.0,0.0,1.0,0.0,1.0,1.0,1.0,0.0,1.0,176.0,63.0,274.361328125
https://www.yogabody.com/stretching/?srsltid=AfmBOoqfTOd1hTn3BmTWU9gR5j0TQoeN6g6QEKFKlwa1hosLHCLJAbRQ,www.yogabody.com,success,2771.0,1.0,12.0,1.0,14.0,104.0,5.0,57.0,34.0,1.0,0.0,1.0,1.0,0.0,1.0,0.0,1.0,1.0,1.0,141.0,52.0,1241.7451171875
https://www.yogajournal.com/practice/yoga-poses-build-strength-flexibility/,www.yogajournal.com,success,1585.0,1.0,1.0,5.0,7.0,25.0,0.0,6.0,21.0,0.0,0.0,0.0,1.0,0.0,1.0,1.0,1.0,1.0,1.0,132.0,63.0,225.79296875
https://www.menshealth.com/uk/building-muscle/a756325/10-best-bodyweight-exercises-for-men/,www.menshealth.com,success,5937.0,0.0,129.0,0.0,129.0,91.0,47.0,75.0,89.0,0.0,0.0,1.0,1.0,0.0,1.0,0.0,1.0,1.0,1.0,116.0,49.0,775.568359375
https://www.health.com/ways-to-build-strength-without-the-gym-11910176,www.health.com,success,1959.0,1.0,9.0,0.0,10.0,37.0,5.0,42.0,46.0,0.0,1.0,0.0,1.0,1.0,1.0,1.0,1.0,1.0,1.0,196.0,54.0,269.505859375
https://medium.com/smarter-sweat/build-muscle-without-lifting-weights-yes-you-can-heres-how-e1f2bdd559ee,medium.com,success,2335.0,1.0,19.0,1.0,21.0,62.0,4.0,8.0,70.0,1.0,0.0,1.0,1.0,0.0,1.0,1.0,1.0,1.0,1.0,179.0,6.0,206.7978515625
https://www.healthline.com/health/fitness-nutrition/no-weight-workout,www.healthline.com,success,1992.0,1.0,4.0,14.0,19.0,39.0,27.0,18.0,141.0,0.0,0.0,0.0,1.0,0.0,1.0,1.0,1.0,1.0,1.0,156.0,51.0,451.5673828125
https://www.muscleandmotion.com/blog/building-muscles-without-weights/,www.muscleandmotion.com,success,1191.0,1.0,5.0,0.0,6.0,34.0,9.0,16.0,34.0,0.0,0.0,0.0,1.0,0.0,1.0,1.0,1.0,1.0,1.0,154.0,54.0,1265.1630859375
https://www.boot.dev/blog/education/best-online-coding-courses-2026,www.boot.dev,success,3512.0,1.0,26.0,11.0,38.0,129.0,44.0,18.0,78.0,1.0,0.0,1.0,1.0,1.0,1.0,1.0,1.0,1.0,1.0,141.0,48.0,248.38671875
https://www.coursera.org/courses?query=coding,www.coursera.org,success,2037.0,0.0,9.0,20.0,29.0,56.0,7.0,24.0,55.0,1.0,0.0,1.0,1.0,0.0,1.0,1.0,1.0,1.0,1.0,238.0,52.0,817.9755859375
https://www.pcmag.com/picks/the-best-programs-for-learning-to-code,www.pcmag.com,success,4097.0,0.0,18.0,43.0,61.0,55.0,50.0,79.0,224.0,0.0,1.0,0.0,1.0,0.0,1.0,0.0,1.0,1.0,1.0,226.0,59.0,2330.6953125
https://pll.harvard.edu/subject/programming,pll.harvard.edu,success,631.0,1.0,1.0,11.0,13.0,0.0,4.0,11.0,40.0,0.0,0.0,0.0,1.0,0.0,1.0,0.0,1.0,1.0,1.0,62.0,40.0,99.900390625
https://www.codecademy.com/,www.codecademy.com,success,1057.0,1.0,10.0,1.0,12.0,14.0,7.0,58.0,49.0,0.0,0.0,0.0,1.0,0.0,1.0,0.0,1.0,1.0,1.0,156.0,37.0,429.205078125
https://satsuite.collegeboard.org/practice,satsuite.collegeboard.org,success,923.0,1.0,6.0,27.0,34.0,45.0,15.0,2.0,25.0,0.0,0.0,0.0,1.0,0.0,0.0,0.0,0.0,1.0,1.0,131.0,52.0,79.30078125
https://bigfuture.collegeboard.org/plan-for-college/apply-to-college/how-to-prepare-for-the-sat,bigfuture.collegeboard.org,success,932.0,1.0,10.0,3.0,14.0,18.0,3.0,0.0,19.0,1.0,1.0,0.0,1.0,0.0,1.0,0.0,1.0,1.0,1.0,135.0,54.0,38.3310546875
https://www.collegeessayguy.com/blog/self-study-for-sat,www.collegeessayguy.com,success,3743.0,1.0,11.0,18.0,30.0,104.0,14.0,20.0,30.0,0.0,0.0,0.0,1.0,0.0,1.0,1.0,1.0,1.0,1.0,206.0,52.0,417.697265625
https://www.learner.com/secret-sat-strategies,www.learner.com,success,3709.0,1.0,1.0,13.0,15.0,12.0,0.0,33.0,17.0,1.0,1.0,1.0,1.0,0.0,0.0,0.0,0.0,1.0,1.0,152.0,47.0,59.728515625
https://www.aeccglobal.com/exams/sat/preparation-tips,www.aeccglobal.com,success,1115.0,1.0,4.0,9.0,14.0,13.0,3.0,6.0,15.0,0.0,0.0,0.0,1.0,0.0,1.0,1.0,1.0,1.0,1.0,153.0,20.0,448.509765625
https://www.nytimes.com/wirecutter/reviews/best-language-learning-apps/,www.nytimes.com,success,5383.0,1.0,15.0,16.0,32.0,104.0,9.0,55.0,80.0,0.0,0.0,0.0,1.0,0.0,1.0,1.0,1.0,1.0,1.0,137.0,65.0,501.44140625
https://tanyamozias.substack.com/p/best-language-learning-apps-youve-never-heard-of,tanyamozias.substack.com,success,1476.0,2.0,4.0,2.0,8.0,41.0,1.0,6.0,37.0,0.0,0.0,1.0,1.0,1.0,1.0,1.0,1.0,1.0,1.0,143.0,62.0,183.263671875
https://talkreal.org/en/blog/best-language-learning-app/,talkreal.org,success,3273.0,1.0,6.0,13.0,20.0,73.0,6.0,17.0,105.0,0.0,1.0,1.0,1.0,0.0,1.0,1.0,1.0,1.0,1.0,156.0,52.0,175.560546875
https://www.polychatapp.com/blog/free-language-learning-apps,www.polychatapp.com,success,4503.0,0.0,12.0,12.0,24.0,92.0,7.0,14.0,27.0,0.0,1.0,1.0,1.0,1.0,1.0,1.0,1.0,1.0,1.0,166.0,60.0,210.107421875
https://www.taalhammer.com/best-language-learning-apps-for-adults-in-2025-smarter-tools-for-serious-learners-taalhammer-and-4-more/,www.taalhammer.com,success,3394.0,1.0,7.0,24.0,32.0,63.0,16.0,2.0,51.0,1.0,0.0,0.0,1.0,0.0,1.0,1.0,1.0,1.0,1.0,165.0,105.0,57.490234375
https://www.hellonabu.com/blog/en/best-free-language-learning-app/,www.hellonabu.com,success,2493.0,1.0,14.0,24.0,39.0,49.0,14.0,0.0,42.0,1.0,0.0,0.0,1.0,1.0,1.0,1.0,1.0,1.0,1.0,135.0,62.0,43.9189453125
https://www.nbcnews.com/select/shopping/language-learning-apps-duolingo-babbel-pimsleur-tested-rcna187804,www.nbcnews.com,success,4310.0,0.0,10.0,16.0,26.0,48.0,7.0,20.0,70.0,0.0,0.0,1.0,1.0,0.0,1.0,1.0,1.0,1.0,1.0,134.0,58.0,478.20703125
https://learningcenter.unc.edu/tips-and-tools/studying-101-study-smarter-not-harder/,learningcenter.unc.edu,success,2826.0,1.0,13.0,0.0,14.0,50.0,4.0,5.0,33.0,0.0,0.0,0.0,1.0,0.0,1.0,0.0,1.0,1.0,0.0,0.0,60.0,131.095703125
https://oxfordlearning.com/study-tips-for-exams-study-smarter-not-harder/,oxfordlearning.com,success,1189.0,1.0,12.0,2.0,15.0,34.0,32.0,9.0,38.0,0.0,0.0,0.0,1.0,0.0,1.0,1.0,1.0,1.0,1.0,141.0,64.0,399.384765625
https://tilt.colostate.edu/undergrad/exam-study-strategies/,tilt.colostate.edu,success,2037.0,1.0,11.0,5.0,17.0,38.0,6.0,4.0,6.0,0.0,0.0,0.0,1.0,1.0,0.0,0.0,1.0,1.0,1.0,168.0,91.0,139.166015625
https://www.princetonreview.com/college-advice/how-to-study-for-a-test,www.princetonreview.com,success,1383.0,1.0,15.0,11.0,27.0,85.0,10.0,31.0,153.0,1.0,0.0,0.0,1.0,0.0,1.0,0.0,1.0,1.0,1.0,102.0,78.0,171.736328125
https://www.collegevine.com/c/junior/55407/what-is-the-most-effective-way-to-study,www.collegevine.com,success,1418.0,1.0,1.0,3.0,5.0,29.0,1.0,3.0,10.0,0.0,0.0,0.0,1.0,1.0,1.0,0.0,1.0,1.0,1.0,155.0,54.0,71.0654296875
https://www.coursera.org/articles/data-analytics-certification,www.coursera.org,success,1752.0,1.0,7.0,17.0,25.0,100.0,8.0,5.0,41.0,0.0,0.0,1.0,1.0,1.0,1.0,1.0,1.0,1.0,1.0,170.0,67.0,566.0419921875
https://grow.google/certificates/data-analytics/?srsltid=AfmBOopOS-FbUS1DYPjXhS3WpmDAXd83QvWK61nlWexU1U9ew4hmaHj8,grow.google,success,3015.0,1.0,40.0,0.0,41.0,47.0,14.0,123.0,28.0,1.0,0.0,0.0,1.0,1.0,1.0,0.0,1.0,1.0,1.0,126.0,53.0,566.1826171875
https://www.onlc.com/blog/popular-data-analyst-certifications/,www.onlc.com,success,2688.0,1.0,10.0,17.0,28.0,76.0,24.0,10.0,60.0,0.0,0.0,1.0,1.0,0.0,1.0,1.0,1.0,1.0,1.0,349.0,55.0,85.4716796875
https://ischool.syracuse.edu/best-data-analytics-certification/,ischool.syracuse.edu,success,1861.0,2.0,10.0,15.0,27.0,23.0,9.0,1.0,20.0,1.0,0.0,0.0,1.0,0.0,1.0,1.0,1.0,1.0,1.0,151.0,43.0,1063.74609375
https://www.ucertify.com/blog/top-data-analytics-certifications/?srsltid=AfmBOoohICj9KPO9udTlg6R_-6s1IGS6lOYbx66hKTy5U7mdbwS1z4F0,www.ucertify.com,success,4168.0,1.0,7.0,19.0,27.0,79.0,15.0,8.0,97.0,0.0,0.0,0.0,1.0,1.0,1.0,1.0,1.0,1.0,1.0,182.0,64.0,133.8876953125
https://www.6sigmacertificationonline.com/data-analytics-certification/,www.6sigmacertificationonline.com,success,1662.0,1.0,9.0,17.0,27.0,79.0,12.0,46.0,28.0,0.0,1.0,1.0,1.0,0.0,1.0,0.0,0.0,1.0,1.0,119.0,53.0,167.45703125
https://markmanson.net/learn-a-foreign-language,markmanson.net,success,4548.0,0.0,25.0,5.0,30.0,103.0,6.0,8.0,95.0,0.0,0.0,1.0,1.0,0.0,1.0,0.0,1.0,1.0,1.0,103.0,35.0,162.810546875
https://www.bbc.com/future/article/20260220-whats-the-best-way-to-learn-a-new-language,www.bbc.com,success,3005.0,1.0,25.0,0.0,26.0,70.0,85.0,62.0,145.0,1.0,0.0,1.0,1.0,1.0,1.0,1.0,1.0,1.0,1.0,120.0,44.0,415.65234375
https://preply.com/en/blog/10-tips-learn-languages-fast/,preply.com,success,4178.0,0.0,3.0,17.0,20.0,88.0,17.0,24.0,79.0,0.0,0.0,1.0,1.0,0.0,1.0,1.0,1.0,1.0,1.0,131.0,65.0,523.109375
https://blog.thelinguist.com/best-way-to-learn-a-new-language/,blog.thelinguist.com,success,3098.0,1.0,7.0,13.0,21.0,61.0,5.0,16.0,35.0,1.0,0.0,0.0,1.0,0.0,1.0,1.0,1.0,1.0,1.0,141.0,53.0,140.2685546875
https://huntingthemuse.net/library/how-to-learn-a-language,huntingthemuse.net,success,2408.0,1.0,5.0,6.0,12.0,62.0,2.0,6.0,30.0,0.0,0.0,0.0,1.0,0.0,1.0,0.0,1.0,1.0,1.0,140.0,79.0,221.4365234375
https://www.coursera.org/articles/how-to-learn-a-new-language,www.coursera.org,success,1905.0,1.0,10.0,6.0,17.0,134.0,24.0,4.0,23.0,0.0,0.0,1.0,1.0,1.0,1.0,1.0,1.0,1.0,1.0,200.0,58.0,545.5947265625
https://adilshamim8.medium.com/top-resources-to-learn-machine-learning-in-2025-b4fcef8fc759,adilshamim8.medium.com,success,1023.0,1.0,12.0,30.0,43.0,59.0,3.0,7.0,89.0,0.0,0.0,1.0,1.0,0.0,1.0,1.0,1.0,1.0,1.0,198.0,6.0,224.9033203125
https://openlearning.mit.edu/news/7-free-online-mit-courses-grasp-machine-learning,openlearning.mit.edu,success,522.0,1.0,1.0,0.0,2.0,10.0,0.0,4.0,19.0,0.0,0.0,0.0,1.0,0.0,1.0,1.0,0.0,0.0,1.0,350.0,67.0,24.6962890625
https://machinelearningmastery.com/5-free-machine-learning-courses-from-top-universities/,machinelearningmastery.com,success,1319.0,0.0,6.0,9.0,15.0,33.0,9.0,24.0,51.0,0.0,0.0,1.0,1.0,0.0,1.0,1.0,1.0,1.0,0.0,0.0,82.0,300.0830078125
https://github.com/armankhondker/awesome-ai-ml-resources,github.com,success,723.0,0.0,23.0,8.0,31.0,11.0,26.0,1.0,189.0,0.0,0.0,0.0,1.0,0.0,1.0,1.0,0.0,1.0,1.0,172.0,117.0,320.609375
https://blog.nobledesktop.com/learn/machine-learning/machine-learning-free-resources-and-tutorials,blog.nobledesktop.com,success,1404.0,1.0,7.0,0.0,8.0,24.0,10.0,0.0,17.0,0.0,0.0,1.0,1.0,0.0,1.0,1.0,1.0,1.0,1.0,152.0,57.0,308.7666015625
https://www.tensorflow.org/resources/learn-ml,www.tensorflow.org,success,2562.0,1.0,11.0,1.0,13.0,73.0,4.0,54.0,147.0,0.0,0.0,0.0,1.0,0.0,1.0,0.0,1.0,1.0,1.0,157.0,41.0,507.08203125
https://www.toastmasters.org/resources/public-speaking-tips,www.toastmasters.org,success,182.0,1.0,4.0,0.0,5.0,7.0,2.0,4.0,15.0,0.0,0.0,0.0,0.0,0.0,0.0,0.0,0.0,1.0,1.0,62.0,48.0,42.9609375
https://professional.dce.harvard.edu/blog/10-tips-for-improving-your-public-speaking-skills/,professional.dce.harvard.edu,success,916.0,1.0,4.0,11.0,16.0,25.0,2.0,3.0,18.0,0.0,1.0,0.0,1.0,0.0,1.0,1.0,1.0,1.0,1.0,144.0,102.0,162.7587890625
https://learnerspoint.org/blog/7-expert-tips-to-improve-your-public-speaking-skills,learnerspoint.org,success,2218.0,1.0,4.0,2.0,7.0,93.0,2.0,242.0,65.0,0.0,0.0,0.0,1.0,0.0,1.0,1.0,0.0,1.0,1.0,52.0,52.0,672.44921875
https://www.uagrantham.edu/blog/4-ways-to-improve-your-public-speaking-skills/,www.uagrantham.edu,success,973.0,1.0,7.0,1.0,9.0,14.0,1.0,8.0,12.0,0.0,0.0,0.0,1.0,1.0,1.0,0.0,1.0,1.0,1.0,124.0,45.0,130.60546875
https://www.linkedin.com/pulse/public-speaking-tips-communicating-confidence-coursera-f0gge,www.linkedin.com,success,1777.0,0.0,6.0,35.0,41.0,43.0,11.0,98.0,129.0,0.0,0.0,1.0,1.0,0.0,1.0,0.0,1.0,1.0,1.0,156.0,42.0,275.3837890625
https://www.ncsl.org/news/details/toolbox-5-ways-to-improve-your-public-speaking-skills,www.ncsl.org,success,739.0,1.0,1.0,1.0,3.0,19.0,1.0,3.0,9.0,0.0,0.0,1.0,1.0,0.0,1.0,1.0,1.0,1.0,1.0,146.0,63.0,64.5390625
https://www.coursera.org/articles/public-speaking,www.coursera.org,success,1858.0,1.0,5.0,21.0,27.0,124.0,9.0,4.0,21.0,0.0,1.0,1.0,1.0,1.0,1.0,1.0,1.0,1.0,1.0,150.0,57.0,537.4814453125
https://www.goodnotes.com/blog/note-taking-methods,www.goodnotes.com,success,1729.0,1.0,9.0,10.0,20.0,53.0,17.0,23.0,120.0,0.0,0.0,0.0,1.0,1.0,1.0,1.0,1.0,1.0,1.0,45.0,88.0,77.0947265625
https://www.utc.edu/enrollment-management-and-student-affairs/center-for-academic-support-and-advisement/tips-for-academic-success/note-taking,www.utc.edu,success,1209.0,1.0,7.0,0.0,8.0,29.0,7.0,4.0,15.0,0.0,0.0,0.0,1.0,1.0,0.0,0.0,1.0,0.0,0.0,0.0,67.0,124.5517578125
https://lsc.cornell.edu/how-to-study/taking-notes/cornell-note-taking-system/,lsc.cornell.edu,success,305.0,0.0,0.0,3.0,3.0,12.0,2.0,2.0,5.0,0.0,0.0,0.0,1.0,0.0,1.0,0.0,0.0,0.0,0.0,0.0,59.0,206.5068359375
https://blog.box.com/best-note-taking-methods,blog.box.com,success,4183.0,0.0,12.0,16.0,28.0,169.0,35.0,17.0,26.0,1.0,1.0,0.0,1.0,0.0,1.0,0.0,1.0,1.0,1.0,227.0,53.0,409.7333984375
https://help.open.ac.uk/notetaking-techniques,help.open.ac.uk,success,380.0,1.0,2.0,0.0,3.0,11.0,10.0,11.0,35.0,0.0,1.0,0.0,1.0,0.0,0.0,1.0,0.0,1.0,1.0,96.0,72.0,52.794921875
https://queensonlineschool.com/note-taking-methods/,queensonlineschool.com,success,5975.0,1.0,12.0,22.0,35.0,44.0,24.0,5.0,13.0,0.0,0.0,0.0,1.0,1.0,1.0,1.0,1.0,1.0,1.0,128.0,57.0,161.9541015625
https://www.cwu.edu.tr/how-to-stay-focused-while-studying/,www.cwu.edu.tr,success,1732.0,0.0,11.0,0.0,11.0,48.0,2.0,2.0,4.0,0.0,0.0,0.0,1.0,0.0,1.0,1.0,1.0,1.0,1.0,49.0,59.0,177.5869140625
https://www.icslearn.co.uk/blog/study-advice/7-proven-ways-to-improve-your-focus-when-studying/,www.icslearn.co.uk,success,2050.0,0.0,13.0,4.0,17.0,49.0,20.0,27.0,123.0,1.0,0.0,1.0,1.0,0.0,1.0,0.0,1.0,1.0,1.0,135.0,64.0,320.68359375
https://www.canva.com/learn/17-study-tips-to-help-you-stay-focused/,www.canva.com,success,2809.0,1.0,4.0,25.0,30.0,61.0,5.0,71.0,100.0,0.0,0.0,0.0,1.0,0.0,1.0,0.0,1.0,1.0,1.0,163.0,38.0,319.4150390625
https://articles.outlier.org/9-tips-on-how-to-stay-focused-while-studying,articles.outlier.org,success,1811.0,1.0,9.0,21.0,31.0,74.0,4.0,4.0,31.0,0.0,0.0,0.0,1.0,0.0,1.0,0.0,1.0,1.0,1.0,157.0,54.0,154.388671875
https://yugo.com/en-us/staying-focused-when-you-re-studying-674124,yugo.com,success,931.0,1.0,0.0,1.0,2.0,30.0,0.0,0.0,1.0,0.0,0.0,0.0,1.0,0.0,1.0,0.0,0.0,1.0,0.0,0.0,37.0,229.8203125
https://careerservices.fas.harvard.edu/resources/create-a-strong-resume/,careerservices.fas.harvard.edu,success,1683.0,0.0,11.0,8.0,19.0,31.0,9.0,7.0,45.0,0.0,0.0,1.0,1.0,0.0,1.0,0.0,0.0,1.0,0.0,0.0,99.0,197.2021484375
https://hbr.org/2014/12/how-to-write-a-resume-that-stands-out,hbr.org,success,255.0,1.0,2.0,0.0,3.0,2.0,3.0,27.0,20.0,0.0,0.0,0.0,1.0,0.0,1.0,1.0,1.0,1.0,1.0,831.0,37.0,147.9609375
https://www.pennfoster.edu/blog/5-secrets-to-make-your-resume-stand-out,www.pennfoster.edu,success,1257.0,1.0,7.0,1.0,9.0,34.0,2.0,8.0,11.0,1.0,0.0,0.0,1.0,0.0,1.0,0.0,0.0,1.0,1.0,144.0,53.0,208.6943359375
https://www.dgs.ca.gov/OHR/Careers/4How-to-Write-a-Great-Resume,www.dgs.ca.gov,success,499.0,1.0,0.0,0.0,1.0,7.0,1.0,0.0,1.0,1.0,0.0,0.0,1.0,0.0,1.0,0.0,0.0,0.0,0.0,0.0,27.0,42.603515625
https://www.linkedin.com/business/learning/blog/career-success-tips/how-to-write-a-resume-that-will-actually-get-a-recruiter-s-atten,www.linkedin.com,success,937.0,1.0,2.0,0.0,3.0,44.0,3.0,6.0,28.0,0.0,0.0,0.0,1.0,0.0,1.0,1.0,0.0,1.0,1.0,133.0,64.0,66.283203125
https://www.remotedxb.com/,www.remotedxb.com,success,346.0,1.0,0.0,11.0,12.0,15.0,0.0,17.0,19.0,0.0,1.0,0.0,1.0,0.0,1.0,1.0,1.0,1.0,1.0,142.0,63.0,171.7734375
https://nodesk.co/remote-jobs/entry-level/,nodesk.co,success,1052.0,0.0,55.0,56.0,111.0,13.0,54.0,55.0,385.0,0.0,0.0,0.0,1.0,0.0,1.0,0.0,0.0,1.0,1.0,181.0,32.0,182.6708984375
https://nextgenlearning.org.uk/top-12-remote-jobs-for-beginners/,nextgenlearning.org.uk,success,5205.0,2.0,22.0,2.0,26.0,81.0,29.0,22.0,174.0,1.0,0.0,0.0,1.0,1.0,1.0,1.0,1.0,1.0,1.0,129.0,45.0,540.8623046875
https://www.realworkfromanywhere.com/fully-remote-no-experience-jobs,www.realworkfromanywhere.com,success,834.0,1.0,1.0,19.0,21.0,17.0,1.0,11.0,14.0,1.0,0.0,1.0,1.0,0.0,1.0,0.0,1.0,1.0,1.0,152.0,55.0,163.583984375
https://www.linkedin.com/jobs/remote-jobs-in-united-arab-emirates-jobs,www.linkedin.com,success,1269.0,1.0,1.0,60.0,62.0,12.0,3.0,61.0,132.0,0.0,0.0,1.0,1.0,0.0,0.0,0.0,1.0,1.0,1.0,191.0,89.0,273.453125
https://www.pon.harvard.edu/daily/salary-negotiations/negotiate-salary-3-winning-strategies/,www.pon.harvard.edu,success,3075.0,0.0,0.0,7.0,7.0,45.0,67.0,79.0,366.0,1.0,0.0,0.0,1.0,0.0,1.0,0.0,1.0,1.0,1.0,147.0,98.0,205.845703125
https://www.roberthalf.com/au/en/insights/career-development/how-negotiate-higher-salary-offer-email-sample-included,www.roberthalf.com,success,2103.0,1.0,8.0,0.0,9.0,2.0,1.0,10.0,136.0,1.0,0.0,1.0,1.0,1.0,1.0,1.0,1.0,1.0,1.0,126.0,66.0,304.16015625
https://www.smcm.edu/career-development/how-to-negotiate-salary-benefits/,www.smcm.edu,success,1561.0,1.0,16.0,1.0,18.0,40.0,2.0,8.0,22.0,0.0,0.0,1.0,1.0,0.0,0.0,0.0,1.0,1.0,0.0,0.0,64.0,170.498046875
https://dol.ny.gov/salary-negotiation-guide,dol.ny.gov,success,1529.0,1.0,6.0,1.0,8.0,36.0,4.0,1.0,12.0,0.0,0.0,0.0,1.0,0.0,0.0,0.0,0.0,1.0,1.0,69.0,46.0,43.3076171875
https://josephliu.co/freelancer-best-websites/,josephliu.co,success,3381.0,1.0,0.0,5.0,6.0,65.0,12.0,26.0,82.0,0.0,0.0,0.0,1.0,0.0,1.0,1.0,1.0,1.0,1.0,136.0,96.0,286.5712890625
https://www.flowlu.com/blog/productivity/best-freelance-websites/,www.flowlu.com,success,4370.0,1.0,7.0,29.0,37.0,200.0,2.0,31.0,89.0,1.0,0.0,1.0,1.0,0.0,1.0,1.0,1.0,1.0,1.0,155.0,55.0,271.7412109375
https://www.lendio.com/blog/places-find-freelance-gigs,www.lendio.com,success,4347.0,1.0,7.0,27.0,35.0,83.0,4.0,11.0,50.0,0.0,0.0,1.0,1.0,0.0,1.0,0.0,1.0,1.0,1.0,153.0,32.0,223.55078125
https://www.freelancer.com/,www.freelancer.com,success,1641.0,1.0,3.0,9.0,13.0,107.0,0.0,78.0,369.0,0.0,0.0,1.0,1.0,0.0,1.0,0.0,1.0,1.0,1.0,156.0,58.0,1038.330078125
https://careercenter.ucdavis.edu/interviews-and-offers/questions-and-prep,careercenter.ucdavis.edu,success,1275.0,1.0,3.0,9.0,13.0,13.0,11.0,0.0,16.0,0.0,0.0,0.0,1.0,0.0,1.0,0.0,0.0,1.0,1.0,237.0,54.0,65.2646484375
https://online.ou.edu/hub/how-to-prepare-for-a-job-interview/,online.ou.edu,success,1962.0,3.0,9.0,0.0,12.0,47.0,23.0,4.0,84.0,1.0,0.0,0.0,1.0,0.0,1.0,0.0,1.0,1.0,1.0,140.0,80.0,243.8984375
https://hbr.org/2015/08/what-you-should-and-shouldnt-focus-on-before-a-job-interview,hbr.org,success,231.0,1.0,1.0,0.0,2.0,2.0,3.0,25.0,17.0,0.0,0.0,0.0,1.0,0.0,1.0,0.0,1.0,1.0,1.0,35.0,63.0,122.26953125
https://www.indeed.com/career-advice/finding-a-job/list-of-technology-careers,www.indeed.com,success,1961.0,1.0,5.0,23.0,29.0,1.0,4.0,13.0,125.0,0.0,0.0,0.0,1.0,0.0,1.0,1.0,1.0,1.0,1.0,147.0,73.0,1017.9052734375
https://codefirstgirls.com/opportunities/career-pathways/,codefirstgirls.com,success,3618.0,2.0,33.0,24.0,59.0,58.0,18.0,32.0,24.0,0.0,0.0,1.0,1.0,0.0,0.0,0.0,1.0,1.0,1.0,140.0,47.0,298.1279296875
https://zerotomastery.io/blog/which-tech-career-is-right-for-me/,zerotomastery.io,success,9256.0,1.0,14.0,35.0,50.0,384.0,23.0,120.0,234.0,1.0,0.0,1.0,1.0,1.0,1.0,1.0,0.0,1.0,1.0,166.0,60.0,752.12109375
https://capd.mit.edu/resources/20-top-career-paths-for-tech-geeks-which-one-is-right-for-you/,capd.mit.edu,success,2573.0,1.0,10.0,0.0,11.0,3.0,16.0,1.0,452.0,1.0,0.0,1.0,1.0,0.0,0.0,0.0,0.0,1.0,0.0,0.0,85.0,238.962890625
https://www.ciat.edu/blog/how-to-choose-the-right-tech-career-path-for-your-strengths/,www.ciat.edu,success,3007.0,1.0,11.0,16.0,28.0,60.0,12.0,8.0,55.0,1.0,0.0,0.0,1.0,0.0,1.0,1.0,0.0,1.0,1.0,140.0,59.0,342.9912109375
https://www.pace.edu/news/in-demand-tech-jobs,www.pace.edu,success,3568.0,0.0,4.0,3.0,7.0,122.0,23.0,0.0,70.0,1.0,0.0,1.0,1.0,0.0,0.0,0.0,1.0,1.0,1.0,94.0,56.0,168.3251953125
https://www.careershifters.org/expert-advice/how-to-change-career-when-youve-no-idea-what-to-do-next,www.careershifters.org,success,2064.0,1.0,2.0,9.0,12.0,83.0,4.0,5.0,15.0,0.0,0.0,0.0,1.0,1.0,1.0,1.0,1.0,1.0,1.0,144.0,70.0,70.431640625
https://extension.harvard.edu/blog/how-to-change-careers-in-your-30s/,extension.harvard.edu,success,2700.0,1.0,13.0,8.0,22.0,53.0,7.0,8.0,29.0,0.0,1.0,1.0,1.0,0.0,1.0,1.0,1.0,1.0,1.0,121.0,60.0,213.91796875
https://climbhire.co/career-development/career-change-at-30/,climbhire.co,success,4692.0,1.0,7.0,18.0,26.0,100.0,20.0,1.0,37.0,0.0,0.0,1.0,1.0,0.0,1.0,1.0,1.0,1.0,1.0,147.0,56.0,102.513671875
https://www.online.drexel.edu/news/changing-careers-after-30.aspx,www.online.drexel.edu,success,4607.0,1.0,5.0,0.0,6.0,57.0,2.0,15.0,13.0,0.0,0.0,1.0,1.0,1.0,1.0,0.0,0.0,1.0,1.0,254.0,46.0,103.5380859375
https://www.linkedin.com/business/sales/blog/profile-best-practices/17-steps-to-a-better-linkedin-profile-in-2017,www.linkedin.com,success,1448.0,1.0,0.0,12.0,13.0,32.0,3.0,6.0,23.0,0.0,0.0,1.0,1.0,0.0,1.0,1.0,0.0,1.0,1.0,166.0,45.0,71.4296875
https://www.linkedin.com/help/linkedin/answer/a554351,www.linkedin.com,success,810.0,1.0,0.0,0.0,1.0,2.0,2.0,0.0,27.0,0.0,1.0,0.0,1.0,0.0,0.0,1.0,0.0,0.0,1.0,30.0,46.0,37.5380859375
https://business.purdue.edu/careers/resources/linkedin.php,business.purdue.edu,success,669.0,1.0,0.0,0.0,1.0,28.0,0.0,2.0,6.0,0.0,0.0,0.0,1.0,0.0,0.0,0.0,0.0,0.0,0.0,0.0,51.0,51.60546875
https://www.linkedin.com/business/talent/blog/product-tips/linkedin-profile-summaries-that-we-love-and-how-to-boost-your-own,www.linkedin.com,success,3459.0,1.0,7.0,28.0,36.0,107.0,23.0,21.0,56.0,0.0,0.0,0.0,1.0,0.0,1.0,1.0,0.0,1.0,1.0,109.0,60.0,113.0146484375
https://mbs.rutgers.edu/article/essential-tips-level-your-linkedin-profile,mbs.rutgers.edu,success,853.0,1.0,4.0,0.0,5.0,13.0,11.0,0.0,17.0,0.0,0.0,0.0,1.0,1.0,1.0,1.0,0.0,0.0,1.0,116.0,88.0,49.7568359375
https://www.elmhurst.edu/blog/8-ways-to-optimize-your-linkedin-profile/,www.elmhurst.edu,success,1215.0,1.0,5.0,0.0,6.0,45.0,4.0,6.0,20.0,0.0,0.0,1.0,1.0,0.0,1.0,1.0,1.0,1.0,1.0,240.0,87.0,114.396484375
https://www.coursera.org/articles/how-to-write-a-cover-letter,www.coursera.org,success,3605.0,1.0,10.0,23.0,34.0,171.0,22.0,5.0,27.0,0.0,1.0,1.0,1.0,0.0,1.0,1.0,1.0,1.0,1.0,194.0,63.0,571.833984375
https://capd.mit.edu/resources/how-to-write-an-effective-cover-letter/,capd.mit.edu,success,2578.0,1.0,11.0,3.0,15.0,11.0,17.0,2.0,248.0,0.0,0.0,0.0,1.0,0.0,0.0,0.0,0.0,1.0,0.0,0.0,104.0,208.779296875
https://www.linkedin.com/posts/erinlewber_if-youre-writing-a-cover-letter-that-looks-activity-7313534526666743809-69II,www.linkedin.com,success,2057.0,1.0,4.0,0.0,5.0,38.0,32.0,26.0,154.0,0.0,0.0,1.0,1.0,1.0,1.0,0.0,1.0,1.0,1.0,843.0,82.0,278.392578125
https://nationalcareers.service.gov.uk/careers-advice/covering-letter,nationalcareers.service.gov.uk,success,846.0,1.0,12.0,1.0,14.0,31.0,5.0,2.0,18.0,0.0,0.0,0.0,1.0,0.0,0.0,1.0,0.0,1.0,0.0,0.0,54.0,28.9931640625
https://www.extern.com/post/best-jobs-for-2024-top-industries-hiring-right-now,www.extern.com,success,3832.0,2.0,13.0,29.0,44.0,91.0,0.0,10.0,82.0,1.0,0.0,1.0,1.0,1.0,1.0,1.0,1.0,1.0,1.0,150.0,65.0,109.8876953125
https://joinhandshake.com/blog/students/top-industries-to-work-in-and-whos-hiring/,joinhandshake.com,success,2202.0,1.0,24.0,1.0,26.0,66.0,2.0,1.0,40.0,0.0,0.0,1.0,1.0,0.0,1.0,0.0,1.0,1.0,1.0,140.0,61.0,157.12890625
https://accel-hrconsulting.com/dubai-uae-demanding-jobs/,accel-hrconsulting.com,success,5689.0,1.0,11.0,31.0,43.0,147.0,14.0,0.0,3.0,1.0,0.0,1.0,1.0,0.0,1.0,1.0,1.0,1.0,1.0,154.0,60.0,247.4189453125
