prompt,run,source_type,rank,retrieved_url,retrieved_title,retrieved_snippet,answer_preview,num_reasoning_steps
What are the best CRM software in 2026?,1,search_result,1.0,https://www.g2.com/articles/best-crm-software,11 Best CRM Software in 2026: I Evaluated 30+ Options - G2,"TL;DR: According to my research and G2 reports, the best CRM software are Agentforce Sales, HubSpot Sales Hub, Pipedrive, Close, ActiveCampaign, Zoho CRM,Bigin by Zoho CRM, HighLevel, Monday CRM, SAP ","The **best CRM software in 2026** depends on your team size and use case, but the most consistently recommended options across current review and comparison sources are **HubSpot Sales Hub**, **Salesforce Sales Cloud / Agentforce Sales**, **Pipedrive**, **Zoho CRM**, and **monday CRM**.[1][7][16][17",5
What are the best CRM software in 2026?,1,search_result,2.0,https://www.g2.com/categories/crm,Best CRM Software: User Reviews from September 2026,"monday CRM is the AI-powered CRM built for speed, visibility, and simplicity — empowering revenue teams to move faster, forecast better, and never miss a deal.
...
**Average Rating:** 4.5/5.0","The **best CRM software in 2026** depends on your team size and use case, but the most consistently recommended options across current review and comparison sources are **HubSpot Sales Hub**, **Salesforce Sales Cloud / Agentforce Sales**, **Pipedrive**, **Zoho CRM**, and **monday CRM**.[1][7][16][17",5
What are the best CRM software in 2026?,1,search_result,3.0,https://www.g2.com/categories/crm?order=g2_score&page=24&tag=product%2520update,Page 24 | Best CRM Software: User Reviews from February 2026 - G2,"G2&#39;s top-rated CRM systems currently include Salesforce Sales Cloud, HubSpot Sales Hub, ActiveCampaign, ClickUp, and Close.
...
The CRM market is projected to reach $96.39 billion by 2026, growing","The **best CRM software in 2026** depends on your team size and use case, but the most consistently recommended options across current review and comparison sources are **HubSpot Sales Hub**, **Salesforce Sales Cloud / Agentforce Sales**, **Pipedrive**, **Zoho CRM**, and **monday CRM**.[1][7][16][17",5
What are the best CRM software in 2026?,1,search_result,4.0,https://www.g2.com/best-software-companies/top-products,Best Software Products for 2026,"Agentforce Sales (formerly Salesforce Sales Cloud)
CRM
...
Pipedrive
CRM
...
Pipedrive is a web-based sales CRM software that lets sales teams track pipelines, optimize leads, manage deals and automat","The **best CRM software in 2026** depends on your team size and use case, but the most consistently recommended options across current review and comparison sources are **HubSpot Sales Hub**, **Salesforce Sales Cloud / Agentforce Sales**, **Pipedrive**, **Zoho CRM**, and **monday CRM**.[1][7][16][17",5
What are the best CRM software in 2026?,1,search_result,5.0,https://www.capterra.it/directory/2/customer-relationship-management/pricing/free/software,Software CRM gratuiti - Capterra Italia 2026,"y"":""Milano"",""addressRegion"":""MI"",""postalCode"":""20153"",""streetAddress"":""Via Caldera 21 Edif.
E-Ala 2 20153 Milano (MI)""},""description"":""Capterra Italia, il comparatore di software gestionali più vasto ","The **best CRM software in 2026** depends on your team size and use case, but the most consistently recommended options across current review and comparison sources are **HubSpot Sales Hub**, **Salesforce Sales Cloud / Agentforce Sales**, **Pipedrive**, **Zoho CRM**, and **monday CRM**.[1][7][16][17",5
What are the best CRM software in 2026?,1,search_result,6.0,https://www.capterra.co.uk/software/155928/zoho-crm,"Zoho CRM Pricing, Cost & Reviews - Capterra UK 2026",- **Pricing Details**: Free Edition  (CRM for entrepreneurs) - Forever free upto 3 Users.&#10;&#10;Standard Edition (Sales tracking for Small Businesses) - $14/user/month (billed annually).&#10;&#10;P,"The **best CRM software in 2026** depends on your team size and use case, but the most consistently recommended options across current review and comparison sources are **HubSpot Sales Hub**, **Salesforce Sales Cloud / Agentforce Sales**, **Pipedrive**, **Zoho CRM**, and **monday CRM**.[1][7][16][17",5
What are the best CRM software in 2026?,1,search_result,7.0,https://www.g2.com/categories/crm?hubs_content-cta=footer-company-press&hubs_content=www.hubspot.fr/products/cms/ai-website-generator&order=g2_score&page=3,Page 3 | Best CRM Software: User Reviews from June 2026 - G2,"| 2 | [HubSpot Sales Hub](https://www.g2.com/products/hubspot-sales-hub/reviews) | 4.4/5.0 (13,257 reviews) |
...
| 10 | [SAP Sales Cloud](https://www.g2.com/products/sap-sap-sales-cloud/reviews) | 4.","The **best CRM software in 2026** depends on your team size and use case, but the most consistently recommended options across current review and comparison sources are **HubSpot Sales Hub**, **Salesforce Sales Cloud / Agentforce Sales**, **Pipedrive**, **Zoho CRM**, and **monday CRM**.[1][7][16][17",5
What are the best CRM software in 2026?,1,search_result,8.0,https://www.capterra.com/customer-relationship-management-software/,Best CRM Software 2026,| Capterra score | 97/100 | 91/100 | 89/100 | 89/100 | 88/100 |,"The **best CRM software in 2026** depends on your team size and use case, but the most consistently recommended options across current review and comparison sources are **HubSpot Sales Hub**, **Salesforce Sales Cloud / Agentforce Sales**, **Pipedrive**, **Zoho CRM**, and **monday CRM**.[1][7][16][17",5
What are the best CRM software in 2026?,1,search_result,9.0,https://www.capterra.nl/directory/2/customer-relationship-management/software,CRM-software: vergelijk functies en kosten - Capterra Nederland 2026,"25. [LiveAgent](https://www.capterra.nl/software/102188/liveagent) — 4.7/5 (1788 reviews) — Webgebaseerde CRM-software voor helpdesk, ticketing, live chat en callcenter met AI-mogelijkheden en meer da","The **best CRM software in 2026** depends on your team size and use case, but the most consistently recommended options across current review and comparison sources are **HubSpot Sales Hub**, **Salesforce Sales Cloud / Agentforce Sales**, **Pipedrive**, **Zoho CRM**, and **monday CRM**.[1][7][16][17",5
What are the best CRM software in 2026?,1,search_result,10.0,https://www.g2.com/,Business Software and Services Reviews | G2,"(27,556)
HubSpot Sales Hub
(14,318)
Pipedrive
(4,599)
monday CRM
(1,692)
Zoho CRM
(2,951)
(875)","The **best CRM software in 2026** depends on your team size and use case, but the most consistently recommended options across current review and comparison sources are **HubSpot Sales Hub**, **Salesforce Sales Cloud / Agentforce Sales**, **Pipedrive**, **Zoho CRM**, and **monday CRM**.[1][7][16][17",5
What are the best CRM software in 2026?,1,search_result,11.0,https://www.g2.com/best-software-companies/top-customer-service,Best Customer Service Software Products for 2026,"Out of **3,561 total products** in this category, and **281 that were eligible** for the 2026 Best Software Awards, here are the 50 best software products.","The **best CRM software in 2026** depends on your team size and use case, but the most consistently recommended options across current review and comparison sources are **HubSpot Sales Hub**, **Salesforce Sales Cloud / Agentforce Sales**, **Pipedrive**, **Zoho CRM**, and **monday CRM**.[1][7][16][17",5
What are the best CRM software in 2026?,1,search_result,12.0,https://company.g2.com/news/g2-data-solutions-market-movers-in-customer-relationship-management-crm-software,G2 Data Solutions' Market Movers in Customer Relationship ...,"In total, there are 1,543 listings in the CRM category on G2 today.
...
Without further ado, the top three Market Movers in the CRM category, according to G2 Data Solutions, are:
1. Attio
2. HighLevel","The **best CRM software in 2026** depends on your team size and use case, but the most consistently recommended options across current review and comparison sources are **HubSpot Sales Hub**, **Salesforce Sales Cloud / Agentforce Sales**, **Pipedrive**, **Zoho CRM**, and **monday CRM**.[1][7][16][17",5
What are the best CRM software in 2026?,1,search_result,13.0,https://www.pipedrive.com/en/newsroom/pipedrive-ranks-6-in-g2-best-sales-software-products-2026-list,Pipedrive ranks #6 in G2 Best Sales Software Products 2026 list,"# Pipedrive ranks #6 in G2 Best Sales Software Products 2026 list
New York, March 26, 2026 – Pipedrive, the easy and intelligent CRM for small and medium-sized businesses, ranks #6 on G2’s Best Sales ","The **best CRM software in 2026** depends on your team size and use case, but the most consistently recommended options across current review and comparison sources are **HubSpot Sales Hub**, **Salesforce Sales Cloud / Agentforce Sales**, **Pipedrive**, **Zoho CRM**, and **monday CRM**.[1][7][16][17",5
What are the best CRM software in 2026?,1,search_result,14.0,https://www.capterra.com/online-crm-software/,Best Online CRM Software 2026,"description: ""Find the top Online CRM software of 2026 on Capterra.","The **best CRM software in 2026** depends on your team size and use case, but the most consistently recommended options across current review and comparison sources are **HubSpot Sales Hub**, **Salesforce Sales Cloud / Agentforce Sales**, **Pipedrive**, **Zoho CRM**, and **monday CRM**.[1][7][16][17",5
What are the best CRM software in 2026?,1,search_result,15.0,https://www.capterra.com/p/199936/CRM-Software-App/,"CRM Software App Pricing, Alternatives & More 2026 | Capterra","[4.7 (727)](https://www.capterra.com/p/204998/Bigin-by-Zoho-CRM/reviews/)
...
$7
Per User, Per Year
Free Trial
Free Version","The **best CRM software in 2026** depends on your team size and use case, but the most consistently recommended options across current review and comparison sources are **HubSpot Sales Hub**, **Salesforce Sales Cloud / Agentforce Sales**, **Pipedrive**, **Zoho CRM**, and **monday CRM**.[1][7][16][17",5
What are the best CRM software in 2026?,1,search_result,16.0,https://www.hubspot.com/comparisons/best-crm,Best CRM Software of 2026 | Compare Top CRMs,"# Best CRM of 2026
...
| | HubSpot | Salesforce | Zoho | Monday CRM |","The **best CRM software in 2026** depends on your team size and use case, but the most consistently recommended options across current review and comparison sources are **HubSpot Sales Hub**, **Salesforce Sales Cloud / Agentforce Sales**, **Pipedrive**, **Zoho CRM**, and **monday CRM**.[1][7][16][17",5
What are the best CRM software in 2026?,1,search_result,17.0,https://www.forbes.com/advisor/business/software/best-crm-software/,10 Best CRM Software Of 2026 – Forbes Advisor,"## The Best CRM Software of 2026
Monday.com
...
Our research found that Zoho CRM is the best CRM for value, earning a 4.9 star rating from our research team.","The **best CRM software in 2026** depends on your team size and use case, but the most consistently recommended options across current review and comparison sources are **HubSpot Sales Hub**, **Salesforce Sales Cloud / Agentforce Sales**, **Pipedrive**, **Zoho CRM**, and **monday CRM**.[1][7][16][17",5
What are the best CRM software in 2026?,1,search_result,18.0,https://www.pcmag.com/picks/the-best-crm-software,The Best CRM Software We've Tested for 2026,"While we are yet to finalize our Editors' Choice winner in this category, the services listed below are all valuable alternatives for your company.","The **best CRM software in 2026** depends on your team size and use case, but the most consistently recommended options across current review and comparison sources are **HubSpot Sales Hub**, **Salesforce Sales Cloud / Agentforce Sales**, **Pipedrive**, **Zoho CRM**, and **monday CRM**.[1][7][16][17",5
What are the best CRM software in 2026?,1,search_result,19.0,https://www.business.com/categories/crm-software/,The Best CRM Software of 2026,CRM software is a type of software businesses use to manage their sales and marketing interactions with current and potential customers.,"The **best CRM software in 2026** depends on your team size and use case, but the most consistently recommended options across current review and comparison sources are **HubSpot Sales Hub**, **Salesforce Sales Cloud / Agentforce Sales**, **Pipedrive**, **Zoho CRM**, and **monday CRM**.[1][7][16][17",5
What are the best CRM software in 2026?,1,search_result,20.0,https://crm.org/crmland/best-crm-software,Best CRM Software in 2026 - CRM.org,"CRMMYS 2026 WINNER, BEST CRM OVERALL
...
Start small.","The **best CRM software in 2026** depends on your team size and use case, but the most consistently recommended options across current review and comparison sources are **HubSpot Sales Hub**, **Salesforce Sales Cloud / Agentforce Sales**, **Pipedrive**, **Zoho CRM**, and **monday CRM**.[1][7][16][17",5
What are the best CRM software in 2026?,1,search_result,21.0,https://www.leadopo.com/blog/best-crm-software-in-2026-the-ultimate-comparison-guide,Best CRM Software in 2026: The Ultimate Comparison Guide,"After extensive testing, **HubSpot CRM emerged as our top overall pick for 2026**, earning the highest composite score thanks to its unmatched free tier, all-in-one platform breadth, intuitive user ex","The **best CRM software in 2026** depends on your team size and use case, but the most consistently recommended options across current review and comparison sources are **HubSpot Sales Hub**, **Salesforce Sales Cloud / Agentforce Sales**, **Pipedrive**, **Zoho CRM**, and **monday CRM**.[1][7][16][17",5
What are the best CRM software in 2026?,1,search_result,22.0,https://www.commercepundit.com/blog/best-crm-software-2026-top-7-platforms-compared/,Best CRM Software 2026: Top 7 Platforms Compared,"## Best CRM Software at a Glance (2026)
|CRM|Starting Price|Best For|AI Assistant|","The **best CRM software in 2026** depends on your team size and use case, but the most consistently recommended options across current review and comparison sources are **HubSpot Sales Hub**, **Salesforce Sales Cloud / Agentforce Sales**, **Pipedrive**, **Zoho CRM**, and **monday CRM**.[1][7][16][17",5
What are the best CRM software in 2026?,1,search_result,23.0,https://contentmavericks.com/best-crm-software/,7 Best CRM Software 2026 (50 CRM Companies Reviewed),"Close is our top pick overall.
It's built for high-volume outbound sales teams, with calling, texting, and email built into every deal, and paying for the year up front brings the per-seat price down.","The **best CRM software in 2026** depends on your team size and use case, but the most consistently recommended options across current review and comparison sources are **HubSpot Sales Hub**, **Salesforce Sales Cloud / Agentforce Sales**, **Pipedrive**, **Zoho CRM**, and **monday CRM**.[1][7][16][17",5
What are the best CRM software in 2026?,1,search_result,24.0,https://nestdigitalstudio.com/software/best-crm-software-2026,7 Best CRM Software in 2026 - Nest Digital Studio,"For sales-focused teams in 2026, **Pipedrive** is the best CRM, offering the most visual and intuitive drag-and-drop pipeline management at an affordable starting price of $14/user/month.
If you need ","The **best CRM software in 2026** depends on your team size and use case, but the most consistently recommended options across current review and comparison sources are **HubSpot Sales Hub**, **Salesforce Sales Cloud / Agentforce Sales**, **Pipedrive**, **Zoho CRM**, and **monday CRM**.[1][7][16][17",5
What are the best CRM software in 2026?,1,search_result,25.0,https://logo.com/guides/best-crm,5 Best CRM Software of 2026: Expert Reviews & Comparison,"This guide compares five of the most popular CRM platforms: **HubSpot, Salesforce, Zoho CRM, Pipedrive, and Freshsales**.
...
4.4·25,461 reviews
...
With a 4.4/5 on G2 across 25,400+ reviews, it’s the","The **best CRM software in 2026** depends on your team size and use case, but the most consistently recommended options across current review and comparison sources are **HubSpot Sales Hub**, **Salesforce Sales Cloud / Agentforce Sales**, **Pipedrive**, **Zoho CRM**, and **monday CRM**.[1][7][16][17",5
What are the best CRM software in 2026?,1,search_result,26.0,https://resources.rework.com/tools/crm/best-crm-software-2026,"""Best CRM Software in 2026: 15 Tools Ranked by Fit""","The best fit depends on team size and sales motion: Salesforce for complex enterprises, HubSpot for inbound marketing-led growth, Pipedrive for sales-first SMBs, Zoho for cost-conscious teams at scale","The **best CRM software in 2026** depends on your team size and use case, but the most consistently recommended options across current review and comparison sources are **HubSpot Sales Hub**, **Salesforce Sales Cloud / Agentforce Sales**, **Pipedrive**, **Zoho CRM**, and **monday CRM**.[1][7][16][17",5
What are the best CRM software in 2026?,1,search_result,27.0,https://scalegrowth.digital/resources/best-crm-software/,14 Best CRM Software Compared (2026 Pricing),"# 14 Best CRM Software Compared (2026 Pricing and Features)
A side-by-side breakdown of the best CRM software for sales teams, small businesses, and enterprises.
Every price verified as of March 2026.","The **best CRM software in 2026** depends on your team size and use case, but the most consistently recommended options across current review and comparison sources are **HubSpot Sales Hub**, **Salesforce Sales Cloud / Agentforce Sales**, **Pipedrive**, **Zoho CRM**, and **monday CRM**.[1][7][16][17",5
What are the best CRM software in 2026?,1,search_result,28.0,https://lagrowthmachine.com/crm-software-list-2026/,"27 Best CRM Software 2026: Pricing, Features & Use Cases","**Best Free CRM:** HubSpot CRM (unlimited users, robust features)","The **best CRM software in 2026** depends on your team size and use case, but the most consistently recommended options across current review and comparison sources are **HubSpot Sales Hub**, **Salesforce Sales Cloud / Agentforce Sales**, **Pipedrive**, **Zoho CRM**, and **monday CRM**.[1][7][16][17",5
What are the best CRM software in 2026?,1,search_result,29.0,https://closequarterly.com/top-crm-software/,"Top CRM software in 2026, ranked by year three - Close Quarterly","## The ranking
1. **Attio**: best for revenue teams whose shape will change inside the contract term.
2. **Salesforce Sales Cloud**: best for organizations that will staff a real admin function.
3. **","The **best CRM software in 2026** depends on your team size and use case, but the most consistently recommended options across current review and comparison sources are **HubSpot Sales Hub**, **Salesforce Sales Cloud / Agentforce Sales**, **Pipedrive**, **Zoho CRM**, and **monday CRM**.[1][7][16][17",5
What are the best CRM software in 2026?,2,search_result,1.0,https://www.forbes.com/advisor/business/software/best-crm-software/,10 Best CRM Software Of 2026 – Forbes Advisor,"## The Best CRM Software of 2026
Monday.com
...
We found that OnePageCRM is the best CRM for mobile users, earning a 4.7 star rating from our research team.","The most widely recommended CRM platforms in 2026 are **Salesforce**, **HubSpot**, **Zoho CRM**, **Pipedrive**, and modern SMB-focused tools like **Close** and **Monday CRM**, with Salesforce still the market-share leader and HubSpot often ranked best overall for most teams.[5][12][14]

Because “bes",3
What are the best CRM software in 2026?,2,search_result,2.0,https://www.hubspot.com/comparisons/best-crm,Best CRM Software of 2026 | Compare Top CRMs,"# Best CRM of 2026
Picking a CRM isn't easy.","The most widely recommended CRM platforms in 2026 are **Salesforce**, **HubSpot**, **Zoho CRM**, **Pipedrive**, and modern SMB-focused tools like **Close** and **Monday CRM**, with Salesforce still the market-share leader and HubSpot often ranked best overall for most teams.[5][12][14]

Because “bes",3
What are the best CRM software in 2026?,2,search_result,3.0,https://www.pcmag.com/picks/the-best-crm-software,The Best CRM Software We've Tested for 2026,"While we are yet to finalize our Editors' Choice winner in this category, the services listed below are all valuable alternatives for your company.","The most widely recommended CRM platforms in 2026 are **Salesforce**, **HubSpot**, **Zoho CRM**, **Pipedrive**, and modern SMB-focused tools like **Close** and **Monday CRM**, with Salesforce still the market-share leader and HubSpot often ranked best overall for most teams.[5][12][14]

Because “bes",3
What are the best CRM software in 2026?,2,search_result,4.0,https://www.business.com/categories/crm-software/,The Best CRM Software of 2026,CRM software is a type of software businesses use to manage their sales and marketing interactions with current and potential customers.,"The most widely recommended CRM platforms in 2026 are **Salesforce**, **HubSpot**, **Zoho CRM**, **Pipedrive**, and modern SMB-focused tools like **Close** and **Monday CRM**, with Salesforce still the market-share leader and HubSpot often ranked best overall for most teams.[5][12][14]

Because “bes",3
What are the best CRM software in 2026?,2,search_result,5.0,https://www.g2.com/articles/best-crm-software,11 Best CRM Software in 2026: I Evaluated 30+ Options - G2,"TL;DR: According to my research and G2 reports, the best CRM software are Agentforce Sales, HubSpot Sales Hub, Pipedrive, Close, ActiveCampaign, Zoho CRM,Bigin by Zoho CRM, HighLevel, Monday CRM, SAP ","The most widely recommended CRM platforms in 2026 are **Salesforce**, **HubSpot**, **Zoho CRM**, **Pipedrive**, and modern SMB-focused tools like **Close** and **Monday CRM**, with Salesforce still the market-share leader and HubSpot often ranked best overall for most teams.[5][12][14]

Because “bes",3
What are the best CRM software in 2026?,2,search_result,6.0,https://crm.org/crmland/best-crm-software,Best CRM Software in 2026 - CRM.org,"CRMMYS 2026 WINNER, BEST CRM OVERALL
Insightly Winner 2026","The most widely recommended CRM platforms in 2026 are **Salesforce**, **HubSpot**, **Zoho CRM**, **Pipedrive**, and modern SMB-focused tools like **Close** and **Monday CRM**, with Salesforce still the market-share leader and HubSpot often ranked best overall for most teams.[5][12][14]

Because “bes",3
What are the best CRM software in 2026?,2,search_result,7.0,https://www.leadopo.com/blog/best-crm-software-in-2026-the-ultimate-comparison-guide,Best CRM Software in 2026: The Ultimate Comparison Guide,"After extensive testing, **HubSpot CRM emerged as our top overall pick for 2026**, earning the highest composite score thanks to its unmatched free tier, all-in-one platform breadth, intuitive user ex","The most widely recommended CRM platforms in 2026 are **Salesforce**, **HubSpot**, **Zoho CRM**, **Pipedrive**, and modern SMB-focused tools like **Close** and **Monday CRM**, with Salesforce still the market-share leader and HubSpot often ranked best overall for most teams.[5][12][14]

Because “bes",3
What are the best CRM software in 2026?,2,search_result,8.0,https://www.commercepundit.com/blog/best-crm-software-2026-top-7-platforms-compared/,Best CRM Software 2026: Top 7 Platforms Compared,"## Best CRM Software at a Glance (2026)
|CRM|Starting Price|Best For|AI Assistant|","The most widely recommended CRM platforms in 2026 are **Salesforce**, **HubSpot**, **Zoho CRM**, **Pipedrive**, and modern SMB-focused tools like **Close** and **Monday CRM**, with Salesforce still the market-share leader and HubSpot often ranked best overall for most teams.[5][12][14]

Because “bes",3
What are the best CRM software in 2026?,2,search_result,9.0,https://contentmavericks.com/best-crm-software/,7 Best CRM Software 2026 (50 CRM Companies Reviewed),"Close is our top pick overall.
It's built for high-volume outbound sales teams, with calling, texting, and email built into every deal, and paying for the year up front brings the per-seat price down.","The most widely recommended CRM platforms in 2026 are **Salesforce**, **HubSpot**, **Zoho CRM**, **Pipedrive**, and modern SMB-focused tools like **Close** and **Monday CRM**, with Salesforce still the market-share leader and HubSpot often ranked best overall for most teams.[5][12][14]

Because “bes",3
What are the best CRM software in 2026?,2,search_result,10.0,https://resources.rework.com/tools/crm/best-crm-software-2026,"""Best CRM Software in 2026: 15 Tools Ranked by Fit""","**What is the best CRM software in 2026?** There's no single best CRM for everyone.
The best fit depends on team size and sales motion: Salesforce for complex enterprises, HubSpot for inbound marketin","The most widely recommended CRM platforms in 2026 are **Salesforce**, **HubSpot**, **Zoho CRM**, **Pipedrive**, and modern SMB-focused tools like **Close** and **Monday CRM**, with Salesforce still the market-share leader and HubSpot often ranked best overall for most teams.[5][12][14]

Because “bes",3
What are the best CRM software in 2026?,2,search_result,11.0,https://lagrowthmachine.com/crm-software-list-2026/,"27 Best CRM Software 2026: Pricing, Features & Use Cases","**Best Free CRM:** HubSpot CRM (unlimited users, robust features)","The most widely recommended CRM platforms in 2026 are **Salesforce**, **HubSpot**, **Zoho CRM**, **Pipedrive**, and modern SMB-focused tools like **Close** and **Monday CRM**, with Salesforce still the market-share leader and HubSpot often ranked best overall for most teams.[5][12][14]

Because “bes",3
What are the best CRM software in 2026?,2,search_result,12.0,https://aiproductivity.ai/blog/best-crm-software-2026/,"Best CRM Software 2026: HubSpot, Salesforce, Pipedrive","The best CRM software in 2026 is HubSpot for marketing-led teams, Pipedrive for SMB sales simplicity, Zoho CRM for budget-conscious buyers, and Salesforce for enterprise complexity.
...
The best CRM s","The most widely recommended CRM platforms in 2026 are **Salesforce**, **HubSpot**, **Zoho CRM**, **Pipedrive**, and modern SMB-focused tools like **Close** and **Monday CRM**, with Salesforce still the market-share leader and HubSpot often ranked best overall for most teams.[5][12][14]

Because “bes",3
What are the best CRM software in 2026?,2,search_result,13.0,https://www.klaviyo.com/blog/best-crm-software,Best CRM software for 2026: Top CRM Platforms Compared,"|Business type|Best fit|Why|
...
|Ecommerce or DTC brand|Klaviyo|Unified data, segmentation, and lifecycle marketing|","The most widely recommended CRM platforms in 2026 are **Salesforce**, **HubSpot**, **Zoho CRM**, **Pipedrive**, and modern SMB-focused tools like **Close** and **Monday CRM**, with Salesforce still the market-share leader and HubSpot often ranked best overall for most teams.[5][12][14]

Because “bes",3
What are the best CRM software in 2026?,2,search_result,14.0,https://tools8020.com/blog/crm-software-statistics/,CRM Software Statistics (2026) - tools8020,"- **Salesforce owns 20.0% of the global CRM market**, its 13th straight year at #1, per IDC
- **The next four vendors combined trail Salesforce**: Oracle 4.1%, Microsoft 4.0%, Adobe 3.4%, SAP 3.1% (ID","The most widely recommended CRM platforms in 2026 are **Salesforce**, **HubSpot**, **Zoho CRM**, **Pipedrive**, and modern SMB-focused tools like **Close** and **Monday CRM**, with Salesforce still the market-share leader and HubSpot often ranked best overall for most teams.[5][12][14]

Because “bes",3
What are the best CRM software in 2026?,2,search_result,15.0,https://www.expertmarket.com/crm/best-crm-software,Best CRM Software Solutions (2026): Find the Right Fit for Your Team,"Based on my experience, **the best CRM software is Zoho CRM**.","The most widely recommended CRM platforms in 2026 are **Salesforce**, **HubSpot**, **Zoho CRM**, **Pipedrive**, and modern SMB-focused tools like **Close** and **Monday CRM**, with Salesforce still the market-share leader and HubSpot often ranked best overall for most teams.[5][12][14]

Because “bes",3
What are the best CRM software in 2026?,3,search_result,1.0,https://www.hubspot.com/comparisons/best-crm,Best CRM Software of 2026 | Compare Top CRMs,"# Best CRM of 2026
...
| | HubSpot | Salesforce | Zoho | Monday CRM |","The **best CRM software in 2026** are generally considered to be **HubSpot, Salesforce, Zoho CRM, Pipedrive, Monday Sales CRM, Microsoft Dynamics 365, Close, Insightly, ActiveCampaign, and Less Annoying CRM**, with more specialized leaders like **Klaviyo (ecommerce)**, **Lark (all‑in‑one collaborati",3
What are the best CRM software in 2026?,3,search_result,2.0,https://www.forbes.com/advisor/business/software/best-crm-software/,10 Best CRM Software Of 2026 – Forbes Advisor,"## The Best CRM Software of 2026
...
We found that OnePageCRM is the best CRM for mobile users, earning a 4.7 star rating from our research team.","The **best CRM software in 2026** are generally considered to be **HubSpot, Salesforce, Zoho CRM, Pipedrive, Monday Sales CRM, Microsoft Dynamics 365, Close, Insightly, ActiveCampaign, and Less Annoying CRM**, with more specialized leaders like **Klaviyo (ecommerce)**, **Lark (all‑in‑one collaborati",3
What are the best CRM software in 2026?,3,search_result,3.0,https://www.creatio.com/glossary/crm-tools,16 Best CRM Tools for Your Business in 2026,"- The best sales CRMs are Creatio Sales, Pipedrive, and Close CRM.","The **best CRM software in 2026** are generally considered to be **HubSpot, Salesforce, Zoho CRM, Pipedrive, Monday Sales CRM, Microsoft Dynamics 365, Close, Insightly, ActiveCampaign, and Less Annoying CRM**, with more specialized leaders like **Klaviyo (ecommerce)**, **Lark (all‑in‑one collaborati",3
What are the best CRM software in 2026?,3,search_result,4.0,https://www.pcmag.com/picks/the-best-crm-software,The Best CRM Software We've Tested for 2026,"While we are yet to finalize our Editors' Choice winner in this category, the services listed below are all valuable alternatives for your company.","The **best CRM software in 2026** are generally considered to be **HubSpot, Salesforce, Zoho CRM, Pipedrive, Monday Sales CRM, Microsoft Dynamics 365, Close, Insightly, ActiveCampaign, and Less Annoying CRM**, with more specialized leaders like **Klaviyo (ecommerce)**, **Lark (all‑in‑one collaborati",3
What are the best CRM software in 2026?,3,search_result,5.0,https://www.g2.com/articles/best-crm-software,11 Best CRM Software in 2026: I Evaluated 30+ Options - G2,"TL;DR: According to my research and G2 reports, the best CRM software are Agentforce Sales, HubSpot Sales Hub, Pipedrive, Close, ActiveCampaign, Zoho CRM,Bigin by Zoho CRM, HighLevel, Monday CRM, SAP ","The **best CRM software in 2026** are generally considered to be **HubSpot, Salesforce, Zoho CRM, Pipedrive, Monday Sales CRM, Microsoft Dynamics 365, Close, Insightly, ActiveCampaign, and Less Annoying CRM**, with more specialized leaders like **Klaviyo (ecommerce)**, **Lark (all‑in‑one collaborati",3
What are the best CRM software in 2026?,3,search_result,6.0,https://crm.org/crmland/best-crm-software,Best CRM Software in 2026 - CRM.org,"CRMMYS 2026 WINNER, BEST CRM OVERALL
Insightly Winner 2026","The **best CRM software in 2026** are generally considered to be **HubSpot, Salesforce, Zoho CRM, Pipedrive, Monday Sales CRM, Microsoft Dynamics 365, Close, Insightly, ActiveCampaign, and Less Annoying CRM**, with more specialized leaders like **Klaviyo (ecommerce)**, **Lark (all‑in‑one collaborati",3
What are the best CRM software in 2026?,3,search_result,7.0,https://www.business.com/categories/crm-software/,The Best CRM Software of 2026,CRM software is a type of software businesses use to manage their sales and marketing interactions with current and potential customers.,"The **best CRM software in 2026** are generally considered to be **HubSpot, Salesforce, Zoho CRM, Pipedrive, Monday Sales CRM, Microsoft Dynamics 365, Close, Insightly, ActiveCampaign, and Less Annoying CRM**, with more specialized leaders like **Klaviyo (ecommerce)**, **Lark (all‑in‑one collaborati",3
What are the best CRM software in 2026?,3,search_result,8.0,https://www.commercepundit.com/blog/best-crm-software-2026-top-7-platforms-compared/,Best CRM Software 2026: Top 7 Platforms Compared,"## Best CRM Software at a Glance (2026)
|CRM|Starting Price|Best For|AI Assistant|","The **best CRM software in 2026** are generally considered to be **HubSpot, Salesforce, Zoho CRM, Pipedrive, Monday Sales CRM, Microsoft Dynamics 365, Close, Insightly, ActiveCampaign, and Less Annoying CRM**, with more specialized leaders like **Klaviyo (ecommerce)**, **Lark (all‑in‑one collaborati",3
What are the best CRM software in 2026?,3,search_result,9.0,https://www.capterra.com/customer-relationship-management-software/,Best CRM Software 2026,"Last updated on September 17, 2026
[4.7 (466)](https://www.capterra.com/p/245800/Monday-CRM/reviews/)","The **best CRM software in 2026** are generally considered to be **HubSpot, Salesforce, Zoho CRM, Pipedrive, Monday Sales CRM, Microsoft Dynamics 365, Close, Insightly, ActiveCampaign, and Less Annoying CRM**, with more specialized leaders like **Klaviyo (ecommerce)**, **Lark (all‑in‑one collaborati",3
What are the best CRM software in 2026?,3,search_result,10.0,https://remotereps.com/services/sales-outsourcing/comparison-on-the-top-5-crm-platforms,Best CRM 2026: HubSpot vs Salesforce vs Dynamics ...,"## Quick-Reference Comparison (2025)
|Platform|Starting Price*|Ease-of-Use (G2)|Best For|AI Engine|Integrations|Rating|
...
|**Salesforce**|$25/user/mo|4.2/5|Enterprise complexity|Einstein Gen-AI|7,00","The **best CRM software in 2026** are generally considered to be **HubSpot, Salesforce, Zoho CRM, Pipedrive, Monday Sales CRM, Microsoft Dynamics 365, Close, Insightly, ActiveCampaign, and Less Annoying CRM**, with more specialized leaders like **Klaviyo (ecommerce)**, **Lark (all‑in‑one collaborati",3
What are the best CRM software in 2026?,3,search_result,11.0,https://www.leadopo.com/blog/best-crm-software-in-2026-the-ultimate-comparison-guide,Best CRM Software in 2026: The Ultimate Comparison Guide,"After extensive testing, **HubSpot CRM emerged as our top overall pick for 2026**, earning the highest composite score thanks to its unmatched free tier, all-in-one platform breadth, intuitive user ex","The **best CRM software in 2026** are generally considered to be **HubSpot, Salesforce, Zoho CRM, Pipedrive, Monday Sales CRM, Microsoft Dynamics 365, Close, Insightly, ActiveCampaign, and Less Annoying CRM**, with more specialized leaders like **Klaviyo (ecommerce)**, **Lark (all‑in‑one collaborati",3
What are the best CRM software in 2026?,3,search_result,12.0,https://www.klaviyo.com/blog/best-crm-software,Best CRM software for 2026: Top CRM Platforms Compared,"|Business type|Best fit|Why|
...
|Ecommerce or DTC brand|Klaviyo|Unified data, segmentation, and lifecycle marketing|","The **best CRM software in 2026** are generally considered to be **HubSpot, Salesforce, Zoho CRM, Pipedrive, Monday Sales CRM, Microsoft Dynamics 365, Close, Insightly, ActiveCampaign, and Less Annoying CRM**, with more specialized leaders like **Klaviyo (ecommerce)**, **Lark (all‑in‑one collaborati",3
What are the best CRM software in 2026?,3,search_result,13.0,https://contentmavericks.com/best-crm-software/,7 Best CRM Software 2026 (50 CRM Companies Reviewed),"Close is our top pick overall.
...
To recap, here are the best CRM software tools to try this year:","The **best CRM software in 2026** are generally considered to be **HubSpot, Salesforce, Zoho CRM, Pipedrive, Monday Sales CRM, Microsoft Dynamics 365, Close, Insightly, ActiveCampaign, and Less Annoying CRM**, with more specialized leaders like **Klaviyo (ecommerce)**, **Lark (all‑in‑one collaborati",3
What are the best CRM software in 2026?,3,search_result,14.0,https://www.softwareadvice.com/crm/,25 Best CRM Software - 2026 Reviews & Pricing,"According to our analysis of products with high market demand and reviews, [Less Annoying CRM](https://www.softwareadvice.com/crm/less-annoying-crm-profile/) has the highest overall rating from verifi","The **best CRM software in 2026** are generally considered to be **HubSpot, Salesforce, Zoho CRM, Pipedrive, Monday Sales CRM, Microsoft Dynamics 365, Close, Insightly, ActiveCampaign, and Less Annoying CRM**, with more specialized leaders like **Klaviyo (ecommerce)**, **Lark (all‑in‑one collaborati",3
What are the best CRM software in 2026?,3,search_result,15.0,https://www.larksuite.com/en_us/blog/crm-tools,16 Best CRM Tools Reviewed for Every Category,"Top CRM tools at a glance: 2026 quick shortlist​
- Best all-in-one CRM: Lark​
- Best sales-focused CRM: Pipedrive​
- Best marketing CRM: ActiveCampaign​
- Best customer service CRM: Freshdesk​
- Best ","The **best CRM software in 2026** are generally considered to be **HubSpot, Salesforce, Zoho CRM, Pipedrive, Monday Sales CRM, Microsoft Dynamics 365, Close, Insightly, ActiveCampaign, and Less Annoying CRM**, with more specialized leaders like **Klaviyo (ecommerce)**, **Lark (all‑in‑one collaborati",3
Best project management tools for small teams,1,search_result,1.0,https://zapier.com/blog/best-project-management-software-small-business/,The best small business project management software in 2026,| |**Best for**|**Standout feature**|**Pricing**|,"For most small teams, the best project management tools are **Trello**, **Asana**, **ClickUp**, **monday.com**, **Basecamp**, and **Notion**, with specialized options like **Plutio** or CRM-oriented tools if you work heavily with clients.[6][11][12][9]

Below is a concise, use-case-based guide so yo",3
Best project management tools for small teams,1,search_result,2.0,https://saascrmreview.com/best-project-management-tools-small-teams/,10 Best Project Management Tools for Small Teams (2026),"For a mixed small team that needs a general workspace and can accept a three-seat minimum, monday.com Work Management is the pick I would default to, because it balances visual boards, forms, dashboar","For most small teams, the best project management tools are **Trello**, **Asana**, **ClickUp**, **monday.com**, **Basecamp**, and **Notion**, with specialized options like **Plutio** or CRM-oriented tools if you work heavily with clients.[6][11][12][9]

Below is a concise, use-case-based guide so yo",3
Best project management tools for small teams,1,search_result,3.0,https://apmic.org/blogs/best-project-management-software-for-small-businesses-2025-edition,Best Project Management Software for Small Business - APMIC,|Tool|Best For|Key Features|Notable Integrations|,"For most small teams, the best project management tools are **Trello**, **Asana**, **ClickUp**, **monday.com**, **Basecamp**, and **Notion**, with specialized options like **Plutio** or CRM-oriented tools if you work heavily with clients.[6][11][12][9]

Below is a concise, use-case-based guide so yo",3
Best project management tools for small teams,1,search_result,4.0,https://mccarygroup.com/clickup-vs-asana-vs-trello-small-business/,ClickUp vs Asana vs Trello for Small Teams,"- **ClickUp:** Best for teams that want one highly customizable workspace for tasks, docs, dashboards, time tracking, forms, recurring work, and automation.
- **Asana:** Best for teams that need struc","For most small teams, the best project management tools are **Trello**, **Asana**, **ClickUp**, **monday.com**, **Basecamp**, and **Notion**, with specialized options like **Plutio** or CRM-oriented tools if you work heavily with clients.[6][11][12][9]

Below is a concise, use-case-based guide so yo",3
Best project management tools for small teams,1,search_result,5.0,https://www.brandvm.com/post/best-project-management-software-2025,Best Project Management Tools in 2025: Expert Reviews and Comparisons | Brand Vision,"### Which tool fits which team
- Visual first marketers generally settle on Monday.com or Trello for quick context.","For most small teams, the best project management tools are **Trello**, **Asana**, **ClickUp**, **monday.com**, **Basecamp**, and **Notion**, with specialized options like **Plutio** or CRM-oriented tools if you work heavily with clients.[6][11][12][9]

Below is a concise, use-case-based guide so yo",3
Best project management tools for small teams,1,search_result,6.0,https://www.guideflow.com/blog/project-management-tools,25 best project management tools for every team size in 2026,"- **Best for Small Teams:** Basecamp
...
Small team (2–15): Trello, Basecamp, ClickUp, or Asana.","For most small teams, the best project management tools are **Trello**, **Asana**, **ClickUp**, **monday.com**, **Basecamp**, and **Notion**, with specialized options like **Plutio** or CRM-oriented tools if you work heavily with clients.[6][11][12][9]

Below is a concise, use-case-based guide so yo",3
Best project management tools for small teams,1,search_result,7.0,https://toolhublibrary.com/blog/asana-vs-trello-vs-clickup,Asana vs Trello vs ClickUp: Which Project Management ...,"Best for individuals, small teams, and workflows that map naturally to a Kanban board.
...
- Choose Trello if: you have a simple workflow, a small team, and want something running in 10 minutes","For most small teams, the best project management tools are **Trello**, **Asana**, **ClickUp**, **monday.com**, **Basecamp**, and **Notion**, with specialized options like **Plutio** or CRM-oriented tools if you work heavily with clients.[6][11][12][9]

Below is a concise, use-case-based guide so yo",3
Best project management tools for small teams,1,search_result,8.0,https://project-management.com/top-10-project-management-software/,Top 10 Project Management Software I Tested & ...,"|Provider|Best for|Recommended user size|Starting monthly price|
...
When it comes remote work, Miro is the best project management software for small teams engaging in real-time project planning.","For most small teams, the best project management tools are **Trello**, **Asana**, **ClickUp**, **monday.com**, **Basecamp**, and **Notion**, with specialized options like **Plutio** or CRM-oriented tools if you work heavily with clients.[6][11][12][9]

Below is a concise, use-case-based guide so yo",3
Best project management tools for small teams,1,search_result,9.0,https://project-management.com/best-project-management-software-for-small-teams/,6 Best Project Management Software for Small Teams in ...,"|Best for|Starting monthly price|
...
|monday.com|Best workflow automation|","For most small teams, the best project management tools are **Trello**, **Asana**, **ClickUp**, **monday.com**, **Basecamp**, and **Notion**, with specialized options like **Plutio** or CRM-oriented tools if you work heavily with clients.[6][11][12][9]

Below is a concise, use-case-based guide so yo",3
Best project management tools for small teams,1,search_result,10.0,https://alphatechfinance.com/productivity-app/trello-vs-asana-vs-clickup-2026-comparison/,Trello vs. Asana vs. ClickUp: The Ultimate Small Business Investment Guide (2026 Edition) - AlphaTechFinance,"**Buy Trello if:**You are a team of **1–5 people**, your workflow is linear (Stage A -> Stage B), and you need zero friction.
It is the “digital whiteboard” that requires no training.
...
**Buy ClickU","For most small teams, the best project management tools are **Trello**, **Asana**, **ClickUp**, **monday.com**, **Basecamp**, and **Notion**, with specialized options like **Plutio** or CRM-oriented tools if you work heavily with clients.[6][11][12][9]

Below is a concise, use-case-based guide so yo",3
Best project management tools for small teams,1,search_result,11.0,https://www.thesmbhub.com/blog/best-project-management-tools-small-teams/,Best Project Management Tools for Small Teams in 2026,"**Quick-scan matrix.** Pricing reflects representative entry-paid tiers as of early 2026, billed annually where applicable.
Most of these tools offer a free tier; check each provider for current numbe","For most small teams, the best project management tools are **Trello**, **Asana**, **ClickUp**, **monday.com**, **Basecamp**, and **Notion**, with specialized options like **Plutio** or CRM-oriented tools if you work heavily with clients.[6][11][12][9]

Below is a concise, use-case-based guide so yo",3
Best project management tools for small teams,1,search_result,12.0,https://www.plutio.com/freelancer-magazine/best-project-management-for-small-teams,Best Project Management for Small Teams (2026) - Plutio,"**Plutio ($19/month flat) is the strongest pick because task boards, time tracking, invoicing, proposals, contracts, and a branded client portal all live in one platform, and adding team members doesn","For most small teams, the best project management tools are **Trello**, **Asana**, **ClickUp**, **monday.com**, **Basecamp**, and **Notion**, with specialized options like **Plutio** or CRM-oriented tools if you work heavily with clients.[6][11][12][9]

Below is a concise, use-case-based guide so yo",3
Best project management tools for small teams,1,search_result,13.0,https://www.wrike.com/blog/project-management-software-guide-small-businesses/,Best project management software for small businesses 2026,|**Tool**|**Best for **|**Watch out for**|,"For most small teams, the best project management tools are **Trello**, **Asana**, **ClickUp**, **monday.com**, **Basecamp**, and **Notion**, with specialized options like **Plutio** or CRM-oriented tools if you work heavily with clients.[6][11][12][9]

Below is a concise, use-case-based guide so yo",3
Best project management tools for small teams,1,search_result,14.0,https://thedigitalprojectmanager.com/tools/best-project-management-software-for-small-business/,10 Best Project Management Tools For Small Business 2026,"1. 1. monday AI Workspace — Best for flexibility and integrations
...
| |Tool|Best For|Trial Info|Price| |","For most small teams, the best project management tools are **Trello**, **Asana**, **ClickUp**, **monday.com**, **Basecamp**, and **Notion**, with specialized options like **Plutio** or CRM-oriented tools if you work heavily with clients.[6][11][12][9]

Below is a concise, use-case-based guide so yo",3
Best project management tools for small teams,1,search_result,15.0,https://softabase.com/guides/trello-vs-clickup-vs-asana-comparison,Trello vs ClickUp vs Asana: Complete Comparison 2026,"If you want the quick answer: Trello for simplicity, ClickUp for power users, Asana for structured teams.
...
Solo users and teams of 2-5 should default to Trello.
The simplicity is an asset, not a li","For most small teams, the best project management tools are **Trello**, **Asana**, **ClickUp**, **monday.com**, **Basecamp**, and **Notion**, with specialized options like **Plutio** or CRM-oriented tools if you work heavily with clients.[6][11][12][9]

Below is a concise, use-case-based guide so yo",3
Best project management tools for small teams,2,search_result,1.0,https://project-management.com/best-project-management-software-for-small-teams/,6 Best Project Management Software for Small Teams in ...,"|Best for|Starting monthly price|
...
|monday.com|Best workflow automation|","For most small teams, the best options are **ClickUp, Trello, Asana, monday.com, and Basecamp**, with **Zoho Projects, Teamwork, Notion, and Paymo** as strong alternatives depending on budget and workflow.[8][7][5][11][14]  

Below is a practical, small‑team–focused comparison and how to choose amon",3
Best project management tools for small teams,2,search_result,2.0,https://www.wrike.com/blog/project-management-software-guide-small-businesses/,Best project management software for small businesses 2026,|**Tool**|**Best for **|**Watch out for**|,"For most small teams, the best options are **ClickUp, Trello, Asana, monday.com, and Basecamp**, with **Zoho Projects, Teamwork, Notion, and Paymo** as strong alternatives depending on budget and workflow.[8][7][5][11][14]  

Below is a practical, small‑team–focused comparison and how to choose amon",3
Best project management tools for small teams,2,search_result,3.0,https://xtom.com/blog/best-project-management-tools/,"The 9 Best Project Management Tools in 2025 - Free, Paid, and Self ...",|Software|Type|Starting Price|Best For|Key Strength|,"For most small teams, the best options are **ClickUp, Trello, Asana, monday.com, and Basecamp**, with **Zoho Projects, Teamwork, Notion, and Paymo** as strong alternatives depending on budget and workflow.[8][7][5][11][14]  

Below is a practical, small‑team–focused comparison and how to choose amon",3
Best project management tools for small teams,2,search_result,4.0,https://zapier.com/blog/best-project-management-software-small-business/,The best small business project management software in 2026,| |**Best for**|**Standout feature**|**Pricing**|,"For most small teams, the best options are **ClickUp, Trello, Asana, monday.com, and Basecamp**, with **Zoho Projects, Teamwork, Notion, and Paymo** as strong alternatives depending on budget and workflow.[8][7][5][11][14]  

Below is a practical, small‑team–focused comparison and how to choose amon",3
Best project management tools for small teams,2,search_result,5.0,https://www.guideflow.com/blog/project-management-tools,25 best project management tools for every team size in 2026,"- **Best for Small Teams:** Basecamp
...
Small team (2–15): Trello, Basecamp, ClickUp, or Asana.","For most small teams, the best options are **ClickUp, Trello, Asana, monday.com, and Basecamp**, with **Zoho Projects, Teamwork, Notion, and Paymo** as strong alternatives depending on budget and workflow.[8][7][5][11][14]  

Below is a practical, small‑team–focused comparison and how to choose amon",3
Best project management tools for small teams,2,search_result,6.0,https://thedigitalprojectmanager.com/tools/best-project-management-software-for-small-business/,10 Best Project Management Tools For Small Business 2026,"| |Tool|Best For|Trial Info|Price| |
...
Project management software for small businesses is a tool that helps small companies, teams, and startups plan, execute, and monitor projects.","For most small teams, the best options are **ClickUp, Trello, Asana, monday.com, and Basecamp**, with **Zoho Projects, Teamwork, Notion, and Paymo** as strong alternatives depending on budget and workflow.[8][7][5][11][14]  

Below is a practical, small‑team–focused comparison and how to choose amon",3
Best project management tools for small teams,2,search_result,7.0,https://www.techrepublic.com/article/small-business-project-management-software/,10 Best Small Business Project Management Software,"- Best overall: Asana
- Best for flexibility: Zoho Projects
- Best for kanban boards: Trello
- Best for a balanced solution with a limited budget: monday.com
- Best for reporting features: Wrike
- Bes","For most small teams, the best options are **ClickUp, Trello, Asana, monday.com, and Basecamp**, with **Zoho Projects, Teamwork, Notion, and Paymo** as strong alternatives depending on budget and workflow.[8][7][5][11][14]  

Below is a practical, small‑team–focused comparison and how to choose amon",3
Best project management tools for small teams,2,search_result,8.0,https://www.softbliq.com/project-management-software/,Best Project Management Software for Small Business 2026 - Softbliq,"All prices reflect annual billing.
Monthly billing typically costs 15–30% more.
|Tool|Free Plan|Starting Price|5‑Person/mo|10‑Person/mo|G2 Rating|Best For|
|--|--|--|--|--|--|--|
|ClickUp|Yes|$7/user/","For most small teams, the best options are **ClickUp, Trello, Asana, monday.com, and Basecamp**, with **Zoho Projects, Teamwork, Notion, and Paymo** as strong alternatives depending on budget and workflow.[8][7][5][11][14]  

Below is a practical, small‑team–focused comparison and how to choose amon",3
Best project management tools for small teams,2,search_result,9.0,https://agiled.app/blog/best-project-management-software-for-small-businesses,Best Project Management Software for Small Businesses: 12 ...,"This list ranks 12 project management platforms by how well they fit a real US small business between 1 and 50 employees: transparent pricing (no 3-seat minimums that double your invoice), fast setup ","For most small teams, the best options are **ClickUp, Trello, Asana, monday.com, and Basecamp**, with **Zoho Projects, Teamwork, Notion, and Paymo** as strong alternatives depending on budget and workflow.[8][7][5][11][14]  

Below is a practical, small‑team–focused comparison and how to choose amon",3
Best project management tools for small teams,2,search_result,10.0,https://www.techrepublic.com/article/project-management-software/,Best Project Management Software: A Certified PM's Picks in 2026,"|Project management software|Best for|Starting monthly price*|My ranking|
...
|**ClickUp**|Teams on tight budgets|$7|5 out of 5|
...
I’ve found some of the top project management software for small bu","For most small teams, the best options are **ClickUp, Trello, Asana, monday.com, and Basecamp**, with **Zoho Projects, Teamwork, Notion, and Paymo** as strong alternatives depending on budget and workflow.[8][7][5][11][14]  

Below is a practical, small‑team–focused comparison and how to choose amon",3
Best project management tools for small teams,2,search_result,11.0,https://www.selectsoftwarereviews.com/buyer-guide/project-management-software,Compare The Best Project Management Software for 2026,"Paymo is best for small teams that need an affordable tool to manage tasks, track time, bill clients, and monitor project performance without needing five different software subscriptions.","For most small teams, the best options are **ClickUp, Trello, Asana, monday.com, and Basecamp**, with **Zoho Projects, Teamwork, Notion, and Paymo** as strong alternatives depending on budget and workflow.[8][7][5][11][14]  

Below is a practical, small‑team–focused comparison and how to choose amon",3
Best project management tools for small teams,2,search_result,12.0,https://www.novo.co/software/project-management,Best Project Management Software for Small Business | Novo,"|Tool|TrustScore|Reviews|
|--|--|--|
...
|ClickUp|3.9|607|
...
|Motion|3.8|572|
...
|Taskade|4.6|613|","For most small teams, the best options are **ClickUp, Trello, Asana, monday.com, and Basecamp**, with **Zoho Projects, Teamwork, Notion, and Paymo** as strong alternatives depending on budget and workflow.[8][7][5][11][14]  

Below is a practical, small‑team–focused comparison and how to choose amon",3
Best project management tools for small teams,2,search_result,13.0,https://www.forbes.com/advisor/business/software/best-project-management-software/,10 Best Project Management Software of 2026 - Forbes,"Our testing found that Zoho Projects is the best project management software for SMBs on a budget, earning a 3.9 star rating from our research team.","For most small teams, the best options are **ClickUp, Trello, Asana, monday.com, and Basecamp**, with **Zoho Projects, Teamwork, Notion, and Paymo** as strong alternatives depending on budget and workflow.[8][7][5][11][14]  

Below is a practical, small‑team–focused comparison and how to choose amon",3
Best project management tools for small teams,2,search_result,14.0,https://worksection.com/en/blog/10-best-pm-software-for-small-business.html,10 Best Project Management Software for Small Business in 2026,## ​Quick comparison of the best project management software for small businesses Tool Best for Free plan Paid plans start at Worksection Hourly teams that need budgets and time tracking built in Up t,"For most small teams, the best options are **ClickUp, Trello, Asana, monday.com, and Basecamp**, with **Zoho Projects, Teamwork, Notion, and Paymo** as strong alternatives depending on budget and workflow.[8][7][5][11][14]  

Below is a practical, small‑team–focused comparison and how to choose amon",3
Best project management tools for small teams,2,search_result,15.0,https://www.brandvm.com/post/best-project-management-software-2025,Best Project Management Tools in 2025: Expert Reviews and Comparisons | Brand Vision,- Spreadsheet thinkers who need formulas inside a project tool gravitate to Smartsheet.,"For most small teams, the best options are **ClickUp, Trello, Asana, monday.com, and Basecamp**, with **Zoho Projects, Teamwork, Notion, and Paymo** as strong alternatives depending on budget and workflow.[8][7][5][11][14]  

Below is a practical, small‑team–focused comparison and how to choose amon",3
Best project management tools for small teams,3,search_result,1.0,https://thedigitalprojectmanager.com/tools/best-project-management-software-for-small-business/,10 Best Project Management Tools For Small Business 2026,"| |Tool|Best For|Trial Info|Price| |
...
Project management software for small businesses is a tool that helps small companies, teams, and startups plan, execute, and monitor projects.","For most small teams (roughly 2–20 people), the best options are **Trello, Asana, ClickUp, Basecamp, monday.com, Zoho Projects, and Paymo**, with Trello/ClickUp for simplicity and flexibility, Asana/monday.com for structured collaboration, Basecamp for communication-first teams, Zoho Projects and Pa",3
Best project management tools for small teams,3,search_result,2.0,https://www.wrike.com/blog/project-management-software-guide-small-businesses/,Best project management software for small businesses 2026,|**Tool**|**Best for **|**Watch out for**|,"For most small teams (roughly 2–20 people), the best options are **Trello, Asana, ClickUp, Basecamp, monday.com, Zoho Projects, and Paymo**, with Trello/ClickUp for simplicity and flexibility, Asana/monday.com for structured collaboration, Basecamp for communication-first teams, Zoho Projects and Pa",3
Best project management tools for small teams,3,search_result,3.0,https://zapier.com/blog/best-project-management-software-small-business/,The best small business project management software in 2026,| |**Best for**|**Standout feature**|**Pricing**|,"For most small teams (roughly 2–20 people), the best options are **Trello, Asana, ClickUp, Basecamp, monday.com, Zoho Projects, and Paymo**, with Trello/ClickUp for simplicity and flexibility, Asana/monday.com for structured collaboration, Basecamp for communication-first teams, Zoho Projects and Pa",3
Best project management tools for small teams,3,search_result,4.0,https://xtom.com/blog/best-project-management-tools/,"The 9 Best Project Management Tools in 2025 - Free, Paid, and Self ...",|Software|Type|Starting Price|Best For|Key Strength|,"For most small teams (roughly 2–20 people), the best options are **Trello, Asana, ClickUp, Basecamp, monday.com, Zoho Projects, and Paymo**, with Trello/ClickUp for simplicity and flexibility, Asana/monday.com for structured collaboration, Basecamp for communication-first teams, Zoho Projects and Pa",3
Best project management tools for small teams,3,search_result,5.0,https://project-management.com/best-project-management-software-for-small-teams/,6 Best Project Management Software for Small Teams in ...,"|Best for|Starting monthly price|
...
|monday.com|Best workflow automation|","For most small teams (roughly 2–20 people), the best options are **Trello, Asana, ClickUp, Basecamp, monday.com, Zoho Projects, and Paymo**, with Trello/ClickUp for simplicity and flexibility, Asana/monday.com for structured collaboration, Basecamp for communication-first teams, Zoho Projects and Pa",3
Best project management tools for small teams,3,search_result,6.0,https://www.guideflow.com/blog/project-management-tools,25 best project management tools for every team size in 2026,"- **Best for Small Teams:** Basecamp
...
Small team (2–15): Trello, Basecamp, ClickUp, or Asana.","For most small teams (roughly 2–20 people), the best options are **Trello, Asana, ClickUp, Basecamp, monday.com, Zoho Projects, and Paymo**, with Trello/ClickUp for simplicity and flexibility, Asana/monday.com for structured collaboration, Basecamp for communication-first teams, Zoho Projects and Pa",3
Best project management tools for small teams,3,search_result,7.0,https://worksection.com/en/blog/10-best-pm-software-for-small-business.html,10 Best Project Management Software for Small Business in 2026,## ​Quick comparison of the best project management software for small businesses Tool Best for Free plan Paid plans start at Worksection Hourly teams that need budgets and time tracking built in Up t,"For most small teams (roughly 2–20 people), the best options are **Trello, Asana, ClickUp, Basecamp, monday.com, Zoho Projects, and Paymo**, with Trello/ClickUp for simplicity and flexibility, Asana/monday.com for structured collaboration, Basecamp for communication-first teams, Zoho Projects and Pa",3
Best project management tools for small teams,3,search_result,8.0,https://www.techrepublic.com/article/small-business-project-management-software/,10 Best Small Business Project Management Software,"- Best overall: Asana
- Best for flexibility: Zoho Projects
- Best for kanban boards: Trello
- Best for a balanced solution with a limited budget: monday.com
- Best for reporting features: Wrike
- Bes","For most small teams (roughly 2–20 people), the best options are **Trello, Asana, ClickUp, Basecamp, monday.com, Zoho Projects, and Paymo**, with Trello/ClickUp for simplicity and flexibility, Asana/monday.com for structured collaboration, Basecamp for communication-first teams, Zoho Projects and Pa",3
Best project management tools for small teams,3,search_result,9.0,https://www.techrepublic.com/article/project-management-software/,Best Project Management Software: A Certified PM's Picks in 2026,"|Project management software|Best for|Starting monthly price*|My ranking|
...
|**ClickUp**|Teams on tight budgets|$7|5 out of 5|
...
I’ve found some of the top project management software for small bu","For most small teams (roughly 2–20 people), the best options are **Trello, Asana, ClickUp, Basecamp, monday.com, Zoho Projects, and Paymo**, with Trello/ClickUp for simplicity and flexibility, Asana/monday.com for structured collaboration, Basecamp for communication-first teams, Zoho Projects and Pa",3
Best project management tools for small teams,3,search_result,10.0,https://www.selectsoftwarereviews.com/buyer-guide/project-management-software,Compare The Best Project Management Software for 2026,"Paymo is best for small teams that need an affordable tool to manage tasks, track time, bill clients, and monitor project performance without needing five different software subscriptions.","For most small teams (roughly 2–20 people), the best options are **Trello, Asana, ClickUp, Basecamp, monday.com, Zoho Projects, and Paymo**, with Trello/ClickUp for simplicity and flexibility, Asana/monday.com for structured collaboration, Basecamp for communication-first teams, Zoho Projects and Pa",3
Best project management tools for small teams,3,search_result,11.0,https://agiled.app/blog/best-project-management-software-for-small-businesses,Best Project Management Software for Small Businesses: 12 ...,"## Quick-Scan Comparison: Top PM Software for Small Businesses
|Tool|Best For|Starting Price|Free Plan?|Seat Minimum|Client Portal|Built-in Invoicing|
|--|--|--|--|--|--|--|
|Agiled|All-in-one for 1-5","For most small teams (roughly 2–20 people), the best options are **Trello, Asana, ClickUp, Basecamp, monday.com, Zoho Projects, and Paymo**, with Trello/ClickUp for simplicity and flexibility, Asana/monday.com for structured collaboration, Basecamp for communication-first teams, Zoho Projects and Pa",3
Best project management tools for small teams,3,search_result,12.0,https://superthread.com/learn/best-11-project-management-tools-in-summer-2025-expert-reviews-and-comparisons/,Best 11 project management tools in summer 2025,"|Tool|Best For|Standout Feature|Starting Price|
...
For small to medium dynamic companies looking to modernize their project management approach, we strongly recommend starting with Superthread.","For most small teams (roughly 2–20 people), the best options are **Trello, Asana, ClickUp, Basecamp, monday.com, Zoho Projects, and Paymo**, with Trello/ClickUp for simplicity and flexibility, Asana/monday.com for structured collaboration, Basecamp for communication-first teams, Zoho Projects and Pa",3
Best project management tools for small teams,3,search_result,13.0,https://www.novo.co/software/project-management,Best Project Management Software for Small Business | Novo,"|Tool|TrustScore|Reviews|
|--|--|--|
...
|ClickUp|3.9|607|
...
|Motion|3.8|572|
...
|Taskade|4.6|613|","For most small teams (roughly 2–20 people), the best options are **Trello, Asana, ClickUp, Basecamp, monday.com, Zoho Projects, and Paymo**, with Trello/ClickUp for simplicity and flexibility, Asana/monday.com for structured collaboration, Basecamp for communication-first teams, Zoho Projects and Pa",3
Best project management tools for small teams,3,search_result,14.0,https://ones.com/blog/project-management-software-for-small-teams-5-lightweight-picks/,Project Management Software for Small Teams: 5 Lightweight Picks,"|Tool|Best For|Deployment|Pricing|Key Feature|Free Plan|
...
Lightweight project management software for small teams is software designed specifically for groups of roughly 2 to 30 people.","For most small teams (roughly 2–20 people), the best options are **Trello, Asana, ClickUp, Basecamp, monday.com, Zoho Projects, and Paymo**, with Trello/ClickUp for simplicity and flexibility, Asana/monday.com for structured collaboration, Basecamp for communication-first teams, Zoho Projects and Pa",3
Best project management tools for small teams,3,search_result,15.0,https://www.brandvm.com/post/best-project-management-software-2025,Best Project Management Tools in 2025: Expert Reviews and Comparisons | Brand Vision,- Spreadsheet thinkers who need formulas inside a project tool gravitate to Smartsheet.,"For most small teams (roughly 2–20 people), the best options are **Trello, Asana, ClickUp, Basecamp, monday.com, Zoho Projects, and Paymo**, with Trello/ClickUp for simplicity and flexibility, Asana/monday.com for structured collaboration, Basecamp for communication-first teams, Zoho Projects and Pa",3
How to choose a CRM for my business,1,none,,,,,"The best way to choose a CRM is to start from your business goals, then narrow options based on must-have features, usability, integrations, and total cost of ownership, and finally test 2–3 shortlisted tools with real data in a trial or pilot.  

Below is a practical, step‑by‑step approach you can ",1
How to choose a CRM for my business,2,none,,,,,"Choosing a CRM (Customer Relationship Management) system starts with clarifying what your business needs, then matching those needs to features, usability, and total cost of ownership. The best CRM for your business is the one that supports your sales, marketing, and service processes with minimal c",1
How to choose a CRM for my business,3,none,,,,,"The best CRM for your business is the one that fits your sales process, integrates smoothly with your existing tools, is easy for your team to actually use, and remains affordable as you grow. To choose it, define your requirements first, then compare a short list of vendors on features, usability, ",1
Best accounting software for freelancers,1,search_result,1.0,https://finance.yahoo.com/news/best-accounting-software-freelancers-2025-112500960.html,Best Accounting Software for Freelancers (2025) - Yahoo Finance,"*Software Experts has named QuickBooks as the Best Accounting Software for Freelancers*
NEW YORK CITY, April 18, 2025 (GLOBE NEWSWIRE) -- Software Experts has named **QuickBooks** as the *Best Account","The best overall accounting software for freelancers is **QuickBooks Online / QuickBooks Solopreneur** if you want one system for invoicing, expenses, tax prep, and reporting; **FreshBooks** is the best choice if your work is mostly *client → invoice → get paid* and you care most about simple, polis",3
Best accounting software for freelancers,1,search_result,2.0,https://www.plutio.com/freelancer-magazine/best-accounting-software-for-freelancers,8 Best Accounting Software for Freelancers (2026) - Plutio,"**Plutio ($19/month) is the strongest pick for freelancers who need billing connected to the rest of the workflow because invoicing, time tracking, proposals, contracts, and a client portal all live i","The best overall accounting software for freelancers is **QuickBooks Online / QuickBooks Solopreneur** if you want one system for invoicing, expenses, tax prep, and reporting; **FreshBooks** is the best choice if your work is mostly *client → invoice → get paid* and you care most about simple, polis",3
Best accounting software for freelancers,1,search_result,3.0,https://www.pcmag.com/picks/the-best-small-business-accounting-software,The Best Accounting Software for Small Businesses in 2025,"Solopreneur ($20 per month) targets sole proprietors like freelancers and independent contractors, while the more advanced Wave Pro ($16 per month) can handle a very small business with employees.","The best overall accounting software for freelancers is **QuickBooks Online / QuickBooks Solopreneur** if you want one system for invoicing, expenses, tax prep, and reporting; **FreshBooks** is the best choice if your work is mostly *client → invoice → get paid* and you care most about simple, polis",3
Best accounting software for freelancers,1,search_result,4.0,https://www.thesagenext.com/blog/quickbooks-vs-freshbooks-vs-xero,QuickBooks vs FreshBooks vs Xero: 2026 Comparison,"**FreshBooks** is a focused tool, not a full accounting platform.
It suits freelancers and very small service businesses whose primary needs are invoicing, time tracking, and light expense management.","The best overall accounting software for freelancers is **QuickBooks Online / QuickBooks Solopreneur** if you want one system for invoicing, expenses, tax prep, and reporting; **FreshBooks** is the best choice if your work is mostly *client → invoice → get paid* and you care most about simple, polis",3
Best accounting software for freelancers,1,search_result,5.0,https://finance.yahoo.com/news/best-accounting-software-self-employed-100000216.html,Best Accounting Software for Self-Employed (2025),"Best Accounting Software for Self-Employed (2025): QuickBooks Named Top Choice for Freelancers and Entrepreneurs by Expert Consumers
...
NEW YORK, Dec. 7, 2025 /PRNewswire/ -- Expert Consumers, an ind","The best overall accounting software for freelancers is **QuickBooks Online / QuickBooks Solopreneur** if you want one system for invoicing, expenses, tax prep, and reporting; **FreshBooks** is the best choice if your work is mostly *client → invoice → get paid* and you care most about simple, polis",3
Best accounting software for freelancers,1,search_result,6.0,https://kmkventures.com/freshbooks-vs-quickbooks-vs-xero/,FreshBooks vs QuickBooks vs Xero (2026): Full Comparison,"**Quick answer:** QuickBooks is the strongest all-round pick for U.S. small and mid-sized businesses because of its deeper reporting, inventory tools, and 650+ integrations.
FreshBooks wins for freela","The best overall accounting software for freelancers is **QuickBooks Online / QuickBooks Solopreneur** if you want one system for invoicing, expenses, tax prep, and reporting; **FreshBooks** is the best choice if your work is mostly *client → invoice → get paid* and you care most about simple, polis",3
Best accounting software for freelancers,1,search_result,7.0,https://ad-times.com/best-accounting-software-freelancers-review/,The best accounting software for freelancers: An expert review,"## The best accounting software for freelancers in 2025
...
Our review process focused on ease of use, feature set, affordability, and integration capabilities.","The best overall accounting software for freelancers is **QuickBooks Online / QuickBooks Solopreneur** if you want one system for invoicing, expenses, tax prep, and reporting; **FreshBooks** is the best choice if your work is mostly *client → invoice → get paid* and you care most about simple, polis",3
Best accounting software for freelancers,1,search_result,8.0,https://wifitalents.com/best/freelancer-accounting-software/,Top 10 Best Freelancer Accounting Software of 2026 - WifiTalents,"## Quick Overview
1. 1QuickBooks Online leads the lineup with a freelancer-complete workflow that ties invoicing, time and expense tracking, bill management, and tax-oriented reporting into one operat","The best overall accounting software for freelancers is **QuickBooks Online / QuickBooks Solopreneur** if you want one system for invoicing, expenses, tax prep, and reporting; **FreshBooks** is the best choice if your work is mostly *client → invoice → get paid* and you care most about simple, polis",3
Best accounting software for freelancers,1,search_result,9.0,https://technologyadvice.com/blog/accounting/best-self-employed-accounting-software/,5 Best Self-Employed Accounting Software for 2025 | TechnologyAdvice,**QuickBooks Online:**Best overall self-employed accounting software **Zoho Books:**Best for long-term scalability **Wave:**Most affordable paid software **FreshBooks:**Businesses without plans to hir,"The best overall accounting software for freelancers is **QuickBooks Online / QuickBooks Solopreneur** if you want one system for invoicing, expenses, tax prep, and reporting; **FreshBooks** is the best choice if your work is mostly *client → invoice → get paid* and you care most about simple, polis",3
Best accounting software for freelancers,1,search_result,10.0,https://bankreconciler.app/blog/quickbooks-vs-xero-vs-freshbooks,QuickBooks vs Xero vs FreshBooks (US 2026) - ReconcileIQ,"FreshBooks ($21 to $65) is the sharpest tool for solopreneurs and freelancers whose work is invoicing-driven.
...
- You want cleaner UX and your CPA supports Xero — go with Xero.
...
It depends on the","The best overall accounting software for freelancers is **QuickBooks Online / QuickBooks Solopreneur** if you want one system for invoicing, expenses, tax prep, and reporting; **FreshBooks** is the best choice if your work is mostly *client → invoice → get paid* and you care most about simple, polis",3
Best accounting software for freelancers,1,search_result,11.0,https://accoru.com/blog/freshbooks-vs-quickbooks-vs-xero,FreshBooks vs QuickBooks vs Xero: The 2026 Head-to ... - Accoru,"> **TL;DR** — **FreshBooks** is the right answer for service businesses and freelancers whose work is fundamentally client → invoice → get paid.
**QuickBooks Online** is the right answer if you need t","The best overall accounting software for freelancers is **QuickBooks Online / QuickBooks Solopreneur** if you want one system for invoicing, expenses, tax prep, and reporting; **FreshBooks** is the best choice if your work is mostly *client → invoice → get paid* and you care most about simple, polis",3
Best accounting software for freelancers,1,search_result,12.0,https://epicbooks.io/resources/freshbooks-vs-quickbooks-vs-xero/,FreshBooks vs QuickBooks vs Xero (2026) - EpicBooks,"– FreshBooks is best for freelancers and very small businesses in need of service-focused bookkeeping
– Xero is best for small to mid-sized businesses needing strong collaboration features
– QuickBook","The best overall accounting software for freelancers is **QuickBooks Online / QuickBooks Solopreneur** if you want one system for invoicing, expenses, tax prep, and reporting; **FreshBooks** is the best choice if your work is mostly *client → invoice → get paid* and you care most about simple, polis",3
Best accounting software for freelancers,1,search_result,13.0,https://www.aimadefor.com/blog/quickbooks-vs-xero-vs-freshbooks-2026/,QuickBooks vs Xero vs FreshBooks 2026: Accounting Software ...,"### Solo Freelancer (1 person, 10 clients)
|Platform|Monthly Cost|Annual Cost|
...
|QuickBooks Simple Start|$30|$360|
|Xero Starter|$15|$180|
|FreshBooks Lite|$19|$228|
**Winner: Xero Starter** at $15","The best overall accounting software for freelancers is **QuickBooks Online / QuickBooks Solopreneur** if you want one system for invoicing, expenses, tax prep, and reporting; **FreshBooks** is the best choice if your work is mostly *client → invoice → get paid* and you care most about simple, polis",3
Best accounting software for freelancers,1,search_result,14.0,https://www.apexbusinesstech.com/quickbooks-vs-xero-vs-freshbooks-which-is-best/,QuickBooks vs Xero vs FreshBooks 2026 Comparison,"|Plan level|QuickBooks Online|Xero|FreshBooks|
...
|Category|Winner|Why|
...
|Pricing value|Xero|Unlimited users on all plans|
|Invoicing|FreshBooks|Best templates, proposals, client portal|
|Expense ","The best overall accounting software for freelancers is **QuickBooks Online / QuickBooks Solopreneur** if you want one system for invoicing, expenses, tax prep, and reporting; **FreshBooks** is the best choice if your work is mostly *client → invoice → get paid* and you care most about simple, polis",3
Best accounting software for freelancers,1,search_result,15.0,https://tech.co/accounting-software/best-accounting-software-self-employed,Self Employed Accounting Software: Top Picks - Tech.co,"**QuickBooks is the best accounting software for self-employed workers, ** as its entry-level Solopreneuer plan offers several useful capabilities, including receipt capture, bank connections and time","The best overall accounting software for freelancers is **QuickBooks Online / QuickBooks Solopreneur** if you want one system for invoicing, expenses, tax prep, and reporting; **FreshBooks** is the best choice if your work is mostly *client → invoice → get paid* and you care most about simple, polis",3
Best accounting software for freelancers,2,search_result,1.0,https://jupid.com/blog/best-accounting-software-freelancers-2026,Best Accounting Software for Freelancers and LLCs (2026) - Jupid,"The best accounting software for freelancers in 2026 is Wave (free) for tight budgets, QuickBooks Solopreneur ($20/month) for Schedule C automation with quarterly tax estimates, FreshBooks ($23/month)","The best accounting software for freelancers in 2026 depends mainly on your budget, how heavily you invoice clients, and whether you want built‑in tax and banking features. Overall, **FreshBooks**, **QuickBooks Solopreneur/Self‑Employed**, **Zoho Books**, **Wave**, **Xero**, and newer “banking + boo",3
Best accounting software for freelancers,2,search_result,2.0,https://www.business.org/finance/accounting/best-accounting-software-for-freelancers/,The 7 Best Accounting Software for Freelancers in 2026,"**The bottom line: ** **Zoho Books** ** is easily the best accounting software for freelancers, especially for freelancers and contractors with an annual revenue beneath $50K USD**.","The best accounting software for freelancers in 2026 depends mainly on your budget, how heavily you invoice clients, and whether you want built‑in tax and banking features. Overall, **FreshBooks**, **QuickBooks Solopreneur/Self‑Employed**, **Zoho Books**, **Wave**, **Xero**, and newer “banking + boo",3
Best accounting software for freelancers,2,search_result,3.0,https://tekpon.com/insights/saas-operations/finance/best-accounting-software-freelancers-self-employed/,Best Accounting Software for Freelancers 2026 - Tekpon,"FreshBooks is Tekpon’s top-rated accounting software for self-employed professionals and freelancers in 2026, with a Tekpon score of 4.9 / 5 in our editorial framework.","The best accounting software for freelancers in 2026 depends mainly on your budget, how heavily you invoice clients, and whether you want built‑in tax and banking features. Overall, **FreshBooks**, **QuickBooks Solopreneur/Self‑Employed**, **Zoho Books**, **Wave**, **Xero**, and newer “banking + boo",3
Best accounting software for freelancers,2,search_result,4.0,https://www.plutio.com/freelancer-magazine/best-accounting-software-for-freelancers,8 Best Accounting Software for Freelancers (2026) - Plutio,|Tool|Price (solo)|Invoicing|Time tracking|Tax prep|Project mgmt|,"The best accounting software for freelancers in 2026 depends mainly on your budget, how heavily you invoice clients, and whether you want built‑in tax and banking features. Overall, **FreshBooks**, **QuickBooks Solopreneur/Self‑Employed**, **Zoho Books**, **Wave**, **Xero**, and newer “banking + boo",3
Best accounting software for freelancers,2,search_result,5.0,https://costbench.com/best/accounting-for-freelancers/,Best Accounting Software for Freelancers 2026: 7 Tools Ranked,"**The best Accounting tools in 2026 are Zoho Books ($0–$275/month), Xero ($25–$90/month), and QuickBooks Online ($0–$275/month).** The best accounting software for freelancers in 2026 is FreshBooks, s","The best accounting software for freelancers in 2026 depends mainly on your budget, how heavily you invoice clients, and whether you want built‑in tax and banking features. Overall, **FreshBooks**, **QuickBooks Solopreneur/Self‑Employed**, **Zoho Books**, **Wave**, **Xero**, and newer “banking + boo",3
Best accounting software for freelancers,2,search_result,6.0,https://www.nerdwallet.com/business/software/best/accounting-software,Best Accounting Software for Small Business of 2026,"4. Test it out for usability.
...
6. Consider customer support availability.","The best accounting software for freelancers in 2026 depends mainly on your budget, how heavily you invoice clients, and whether you want built‑in tax and banking features. Overall, **FreshBooks**, **QuickBooks Solopreneur/Self‑Employed**, **Zoho Books**, **Wave**, **Xero**, and newer “banking + boo",3
Best accounting software for freelancers,2,search_result,7.0,https://tech.co/accounting-software/best-accounting-software-self-employed,Self Employed Accounting Software: Top Picks - Tech.co,"**QuickBooks is the best accounting software for self-employed workers, ** as its entry-level Solopreneuer plan offers several useful capabilities, including receipt capture, bank connections and time","The best accounting software for freelancers in 2026 depends mainly on your budget, how heavily you invoice clients, and whether you want built‑in tax and banking features. Overall, **FreshBooks**, **QuickBooks Solopreneur/Self‑Employed**, **Zoho Books**, **Wave**, **Xero**, and newer “banking + boo",3
Best accounting software for freelancers,2,search_result,8.0,https://www.nerdwallet.com/business/software/learn/accounting-software,5 Best Accounting Software Picks for 2026 - NerdWallet,FreshBooks is one of my top accounting software picks for freelancers in particular.,"The best accounting software for freelancers in 2026 depends mainly on your budget, how heavily you invoice clients, and whether you want built‑in tax and banking features. Overall, **FreshBooks**, **QuickBooks Solopreneur/Self‑Employed**, **Zoho Books**, **Wave**, **Xero**, and newer “banking + boo",3
Best accounting software for freelancers,2,search_result,9.0,https://www.bench.co/blog/bookkeeping/7-bookkeeping-software-picks-for-freelancers-in-2026,#6 Zoho Books -- Best Budget...,"For freelancers and sole proprietors who are serious about their finances and want their books done right, Bench Accounting is the strongest choice in 2026.","The best accounting software for freelancers in 2026 depends mainly on your budget, how heavily you invoice clients, and whether you want built‑in tax and banking features. Overall, **FreshBooks**, **QuickBooks Solopreneur/Self‑Employed**, **Zoho Books**, **Wave**, **Xero**, and newer “banking + boo",3
Best accounting software for freelancers,2,search_result,10.0,https://sites.google.com/view/best-akaunting-software/for/freelancers,EcomBuilderInsider - Freelancers,"For most freelancers in 2026, Zoho Books is simply the better value.","The best accounting software for freelancers in 2026 depends mainly on your budget, how heavily you invoice clients, and whether you want built‑in tax and banking features. Overall, **FreshBooks**, **QuickBooks Solopreneur/Self‑Employed**, **Zoho Books**, **Wave**, **Xero**, and newer “banking + boo",3
Best accounting software for freelancers,2,search_result,11.0,https://www.business.org/finance/accounting/best-self-employed-accounting-software/,7 Best Self-Employed Accounting Software of 2026 - Business.org,"**FreshBooks is our favorite accounting software for freelancers, sole proprietors, solopreneurs, and other small-business owners who send frequent invoices**.","The best accounting software for freelancers in 2026 depends mainly on your budget, how heavily you invoice clients, and whether you want built‑in tax and banking features. Overall, **FreshBooks**, **QuickBooks Solopreneur/Self‑Employed**, **Zoho Books**, **Wave**, **Xero**, and newer “banking + boo",3
Best accounting software for freelancers,2,search_result,12.0,https://www.nerdwallet.com/business/software/best/freelancer-accounting-software,Best Freelance and Self-Employed Accounting Software - NerdWallet,"To find the best solution for you, follow these steps:
1. Consider your business’s growth trajectory.
...
2. Set a budget.","The best accounting software for freelancers in 2026 depends mainly on your budget, how heavily you invoice clients, and whether you want built‑in tax and banking features. Overall, **FreshBooks**, **QuickBooks Solopreneur/Self‑Employed**, **Zoho Books**, **Wave**, **Xero**, and newer “banking + boo",3
Best accounting software for freelancers,2,search_result,13.0,https://ecombuilderinsider.com/best-accounting-software-for-freelancers/,Best Accounting Software for Freelancers 2026: Pricing and ...,"Based on the extensive testing and evaluation of user reviews,**Xero stands out as the best all-around accounting software for freelancers ** as of 2026; here is what we appreciate and make it a top s","The best accounting software for freelancers in 2026 depends mainly on your budget, how heavily you invoice clients, and whether you want built‑in tax and banking features. Overall, **FreshBooks**, **QuickBooks Solopreneur/Self‑Employed**, **Zoho Books**, **Wave**, **Xero**, and newer “banking + boo",3
Best accounting software for freelancers,2,search_result,14.0,https://getholdings.com/resources/guides/best-bookkeeping-software-freelancers,Best Bookkeeping Software for Freelancers (2026),"We tested and compared seven popular options, from free tools to full-featured platforms, so you can find the one that actually fits how you work.
...
## Comparison Table
|Software|Price|Best For|Key ","The best accounting software for freelancers in 2026 depends mainly on your budget, how heavily you invoice clients, and whether you want built‑in tax and banking features. Overall, **FreshBooks**, **QuickBooks Solopreneur/Self‑Employed**, **Zoho Books**, **Wave**, **Xero**, and newer “banking + boo",3
Best accounting software for freelancers,2,search_result,15.0,https://www.business.com/categories/accounting-software/,Best Accounting Software Programs Reviews of 2026,"It’s best for larger businesses or international companies.
- FreshBooks (starting at $21/month, rated 9.1/10) is the strongest option for invoicing, with features like automatic payment reminders, bu","The best accounting software for freelancers in 2026 depends mainly on your budget, how heavily you invoice clients, and whether you want built‑in tax and banking features. Overall, **FreshBooks**, **QuickBooks Solopreneur/Self‑Employed**, **Zoho Books**, **Wave**, **Xero**, and newer “banking + boo",3
Best accounting software for freelancers,3,search_result,1.0,https://finance.yahoo.com/news/best-accounting-software-freelancers-2025-112500960.html,Best Accounting Software for Freelancers (2025) - Yahoo Finance,"*Software Experts has named QuickBooks as the Best Accounting Software for Freelancers*
NEW YORK CITY, April 18, 2025 (GLOBE NEWSWIRE) -- Software Experts has named **QuickBooks** as the *Best Account","For most freelancers, the best all‑round accounting solution is **QuickBooks Online / QuickBooks Solopreneur** because it combines invoicing, expense tracking, bank feeds, tax‑ready reports, and strong accountant support in one system.[2][4][5][8][11] If your work is primarily service‑based and you ",3
Best accounting software for freelancers,3,search_result,2.0,https://finance.yahoo.com/news/best-accounting-software-self-employed-100000216.html,Best Accounting Software for Self-Employed (2025),"Best Accounting Software for Self-Employed (2025): QuickBooks Named Top Choice for Freelancers and Entrepreneurs by Expert Consumers
...
NEW YORK, Dec. 7, 2025 /PRNewswire/ -- Expert Consumers, an ind","For most freelancers, the best all‑round accounting solution is **QuickBooks Online / QuickBooks Solopreneur** because it combines invoicing, expense tracking, bank feeds, tax‑ready reports, and strong accountant support in one system.[2][4][5][8][11] If your work is primarily service‑based and you ",3
Best accounting software for freelancers,3,search_result,3.0,https://www.plutio.com/freelancer-magazine/best-accounting-software-for-freelancers,8 Best Accounting Software for Freelancers (2026) - Plutio,"**Plutio ($19/month) is the strongest pick for freelancers who need billing connected to the rest of the workflow because invoicing, time tracking, proposals, contracts, and a client portal all live i","For most freelancers, the best all‑round accounting solution is **QuickBooks Online / QuickBooks Solopreneur** because it combines invoicing, expense tracking, bank feeds, tax‑ready reports, and strong accountant support in one system.[2][4][5][8][11] If your work is primarily service‑based and you ",3
Best accounting software for freelancers,3,search_result,4.0,https://tech.co/accounting-software/best-accounting-software-self-employed,Self Employed Accounting Software: Top Picks - Tech.co,"**QuickBooks’ modern design**, and the **wealth of features** available in its QuickBooks Solopreneur plan, make it our** number one choice for self-employed workers** looking to stay on top of their ","For most freelancers, the best all‑round accounting solution is **QuickBooks Online / QuickBooks Solopreneur** because it combines invoicing, expense tracking, bank feeds, tax‑ready reports, and strong accountant support in one system.[2][4][5][8][11] If your work is primarily service‑based and you ",3
Best accounting software for freelancers,3,search_result,5.0,https://www.pcmag.com/picks/the-best-small-business-accounting-software,The Best Accounting Software for Small Businesses in 2025,"Solopreneur ($20 per month) targets sole proprietors like freelancers and independent contractors, while the more advanced Wave Pro ($16 per month) can handle a very small business with employees.","For most freelancers, the best all‑round accounting solution is **QuickBooks Online / QuickBooks Solopreneur** because it combines invoicing, expense tracking, bank feeds, tax‑ready reports, and strong accountant support in one system.[2][4][5][8][11] If your work is primarily service‑based and you ",3
Best accounting software for freelancers,3,search_result,6.0,https://www.nerdwallet.com/business/software/best/freelancer-accounting-software,Best Freelance and Self-Employed Accounting Software - NerdWallet,"1. Consider your business’s growth trajectory.
...
2. Set a budget.","For most freelancers, the best all‑round accounting solution is **QuickBooks Online / QuickBooks Solopreneur** because it combines invoicing, expense tracking, bank feeds, tax‑ready reports, and strong accountant support in one system.[2][4][5][8][11] If your work is primarily service‑based and you ",3
Best accounting software for freelancers,3,search_result,7.0,https://www.nerdwallet.com/business/software/best/accounting-software,Best Accounting Software for Small Business of 2026,"4. Test it out for usability.
Accounting software that isn’t user-friendly can take up an unnecessary amount of your time.","For most freelancers, the best all‑round accounting solution is **QuickBooks Online / QuickBooks Solopreneur** because it combines invoicing, expense tracking, bank feeds, tax‑ready reports, and strong accountant support in one system.[2][4][5][8][11] If your work is primarily service‑based and you ",3
Best accounting software for freelancers,3,search_result,8.0,https://technologyadvice.com/blog/accounting/best-self-employed-accounting-software/,5 Best Self-Employed Accounting Software for 2025 | TechnologyAdvice,**QuickBooks Online:**Best overall self-employed accounting software **Zoho Books:**Best for long-term scalability **Wave:**Most affordable paid software **FreshBooks:**Businesses without plans to hir,"For most freelancers, the best all‑round accounting solution is **QuickBooks Online / QuickBooks Solopreneur** because it combines invoicing, expense tracking, bank feeds, tax‑ready reports, and strong accountant support in one system.[2][4][5][8][11] If your work is primarily service‑based and you ",3
Best accounting software for freelancers,3,search_result,9.0,https://fitsmallbusiness.com/best-invoicing-software/,7 Best Invoicing & Billing Software for Small Businesses 2026,"|**Provider**|**Best for**|**Starting monthly price**|**My ratings**|
...
|**QuickBooks Online**|Full accounts receivable and accounting|$38|4.8|
|**FreshBooks**|Automated payment reminders and servic","For most freelancers, the best all‑round accounting solution is **QuickBooks Online / QuickBooks Solopreneur** because it combines invoicing, expense tracking, bank feeds, tax‑ready reports, and strong accountant support in one system.[2][4][5][8][11] If your work is primarily service‑based and you ",3
Best accounting software for freelancers,3,search_result,10.0,https://zapier.com/blog/accounting-bookkeeping-software-freelance/,The 7 Best Expense Tracking Apps for Smarter Business ...,"| |**Best for**|**Pricing**|
...
|FreshBooks|Ease of use|From $19/month|","For most freelancers, the best all‑round accounting solution is **QuickBooks Online / QuickBooks Solopreneur** because it combines invoicing, expense tracking, bank feeds, tax‑ready reports, and strong accountant support in one system.[2][4][5][8][11] If your work is primarily service‑based and you ",3
Best accounting software for freelancers,3,search_result,11.0,https://wifitalents.com/best/freelancer-accounting-software/,Top 10 Best Freelancer Accounting Software of 2026 - WifiTalents,"## Quick Overview
1. 1QuickBooks Online leads the lineup with a freelancer-complete workflow that ties invoicing, time and expense tracking, bill management, and tax-oriented reporting into one operat","For most freelancers, the best all‑round accounting solution is **QuickBooks Online / QuickBooks Solopreneur** because it combines invoicing, expense tracking, bank feeds, tax‑ready reports, and strong accountant support in one system.[2][4][5][8][11] If your work is primarily service‑based and you ",3
Best accounting software for freelancers,3,search_result,12.0,https://ad-times.com/best-accounting-software-freelancers-review/,The best accounting software for freelancers: An expert review,"## The best accounting software for freelancers in 2025
...
Our review process focused on ease of use, feature set, affordability, and integration capabilities.","For most freelancers, the best all‑round accounting solution is **QuickBooks Online / QuickBooks Solopreneur** because it combines invoicing, expense tracking, bank feeds, tax‑ready reports, and strong accountant support in one system.[2][4][5][8][11] If your work is primarily service‑based and you ",3
Best accounting software for freelancers,3,search_result,13.0,https://saascompared.io/blog/best-invoicing-software-for-freelancers-2026/,3. Zoho Invoice: Best Free...,"The short version: FreshBooks is still the best fit for most freelancers who bill by project or time.
Wave is the cheapest credible option.
...
|Tool|Best For|Starting Price|Free Plan|Rating|
...
|**F","For most freelancers, the best all‑round accounting solution is **QuickBooks Online / QuickBooks Solopreneur** because it combines invoicing, expense tracking, bank feeds, tax‑ready reports, and strong accountant support in one system.[2][4][5][8][11] If your work is primarily service‑based and you ",3
Best accounting software for freelancers,3,search_result,14.0,https://www.fastlancer.org/en/fastlancer-blog/best-invoice-software-freelancers/,Best Invoicing Software for Small Business & Freelancers 2026,"### Best free invoice tool
- **Wave** — unlimited invoices and clients, free forever, basic accounting included.
...
|Tool|Free plan|Starts at|Best for|","For most freelancers, the best all‑round accounting solution is **QuickBooks Online / QuickBooks Solopreneur** because it combines invoicing, expense tracking, bank feeds, tax‑ready reports, and strong accountant support in one system.[2][4][5][8][11] If your work is primarily service‑based and you ",3
Best accounting software for freelancers,3,search_result,15.0,https://startups.co.uk/accounting/best-self-employed-accounting-software/,3. Quickbooks: Best Mobile...,"**Zoho Books is the best sole trader accounting software, ** thanks to its free plan and simple invoicing system, which we determined from our 57 hours of hands-on testing.","For most freelancers, the best all‑round accounting solution is **QuickBooks Online / QuickBooks Solopreneur** because it combines invoicing, expense tracking, bank feeds, tax‑ready reports, and strong accountant support in one system.[2][4][5][8][11] If your work is primarily service‑based and you ",3
Best email marketing tools for small business,2,search_result,1.0,https://www.mailersend.com/blog/email-marketing-tools,7 Best Email Marketing Tools in 2025,"## 1.
MailerLite - Best email marketing tool for small/medium businesses","For most small businesses, the best starting points today are **MailerLite**, **Constant Contact**, **Brevo (formerly Sendinblue)**, **Moosend**, and **Mailchimp**, with **ActiveCampaign** or **HubSpot** if you need more advanced automation and CRM.[2][3][5][6][12][14][15]  

Below is a practical br",3
Best email marketing tools for small business,2,search_result,2.0,https://www.pcmag.com/picks/the-best-email-marketing-software,The Best Email Marketing Software We've Tested for 2026,**Best Overall:** HubSpot Marketing Hub - 4.5 Stars  ,"For most small businesses, the best starting points today are **MailerLite**, **Constant Contact**, **Brevo (formerly Sendinblue)**, **Moosend**, and **Mailchimp**, with **ActiveCampaign** or **HubSpot** if you need more advanced automation and CRM.[2][3][5][6][12][14][15]  

Below is a practical br",3
Best email marketing tools for small business,2,search_result,3.0,https://ventureharbour.com/email-marketing-software-tools-one-best/,10 Best Email Marketing Software & Tools for 2026 (Tested),"#### Best for small businesses
**Winner: ActiveCampaign.** Runner-up: GetResponse.","For most small businesses, the best starting points today are **MailerLite**, **Constant Contact**, **Brevo (formerly Sendinblue)**, **Moosend**, and **Mailchimp**, with **ActiveCampaign** or **HubSpot** if you need more advanced automation and CRM.[2][3][5][6][12][14][15]  

Below is a practical br",3
Best email marketing tools for small business,2,search_result,4.0,https://guardian.ng/technology/reviewed/the-best-email-marketing-software-for-small-businesses-in-2025/,The Best Email Marketing Software For Small Businesses ...,|AWeber|Best Overall|Visit AWeber →|,"For most small businesses, the best starting points today are **MailerLite**, **Constant Contact**, **Brevo (formerly Sendinblue)**, **Moosend**, and **Mailchimp**, with **ActiveCampaign** or **HubSpot** if you need more advanced automation and CRM.[2][3][5][6][12][14][15]  

Below is a practical br",3
Best email marketing tools for small business,2,search_result,5.0,https://www.emailtooltester.com/en/email-marketing-services/,The 19 Best Email Marketing Services in 2026 (+ which ...,"So, basically, if you just want a decent and affordable email solution that won’t cost you an arm and a leg, I’d recommend MailerLite or Brevo.","For most small businesses, the best starting points today are **MailerLite**, **Constant Contact**, **Brevo (formerly Sendinblue)**, **Moosend**, and **Mailchimp**, with **ActiveCampaign** or **HubSpot** if you need more advanced automation and CRM.[2][3][5][6][12][14][15]  

Below is a practical br",3
Best email marketing tools for small business,2,search_result,6.0,https://www.saleshandy.com/blog/email-marketing-tools/,"Best Email Marketing Tools in 2026: Pricing, Features & Free Plans","MailerLite is the best option for most small businesses.
It starts at $10 per month, is easy to use, and includes automation on the free plan.","For most small businesses, the best starting points today are **MailerLite**, **Constant Contact**, **Brevo (formerly Sendinblue)**, **Moosend**, and **Mailchimp**, with **ActiveCampaign** or **HubSpot** if you need more advanced automation and CRM.[2][3][5][6][12][14][15]  

Below is a practical br",3
Best email marketing tools for small business,2,search_result,7.0,https://cybernews.com/marketing-tools/best-email-marketing-platforms/,8 Best Email Marketing Platforms in 2025: Picked by Experts,"**MailerLite is an excellent ** **marketing tool for small businesses** because it has a user-friendly interface, pricing that suits the needs of small businesses, and useful functionalities.","For most small businesses, the best starting points today are **MailerLite**, **Constant Contact**, **Brevo (formerly Sendinblue)**, **Moosend**, and **Mailchimp**, with **ActiveCampaign** or **HubSpot** if you need more advanced automation and CRM.[2][3][5][6][12][14][15]  

Below is a practical br",3
Best email marketing tools for small business,2,search_result,8.0,https://www.mailjet.com/blog/email-best-practices/the-9-best-email-marketing-services-in-2025-compared/,The 9 best email marketing services in 2025 compared - Mailjet,"- Best for budget-conscious teams: Mailjet
...
Tools like Mailjet, Brevo, or MailerLite are popular with budget-conscious users.","For most small businesses, the best starting points today are **MailerLite**, **Constant Contact**, **Brevo (formerly Sendinblue)**, **Moosend**, and **Mailchimp**, with **ActiveCampaign** or **HubSpot** if you need more advanced automation and CRM.[2][3][5][6][12][14][15]  

Below is a practical br",3
Best email marketing tools for small business,2,search_result,9.0,https://www.business.com/categories/best-email-marketing-services/,Best Email Marketing Service & Software Reviews of 2026,"- Constant Contact Email Marketing:Best for Small Businesses
- iContact:Best for Email List Management","For most small businesses, the best starting points today are **MailerLite**, **Constant Contact**, **Brevo (formerly Sendinblue)**, **Moosend**, and **Mailchimp**, with **ActiveCampaign** or **HubSpot** if you need more advanced automation and CRM.[2][3][5][6][12][14][15]  

Below is a practical br",3
Best email marketing tools for small business,2,search_result,10.0,https://www.capterra.com/email-marketing-software/s/small-businesses/,Best Email Marketing Software for Small Businesses in 2025,"According to our reviews from small businesses, [Systeme.io](https://www.capterra.com/p/198994/Systeme/) is the highest rated email marketing software.","For most small businesses, the best starting points today are **MailerLite**, **Constant Contact**, **Brevo (formerly Sendinblue)**, **Moosend**, and **Mailchimp**, with **ActiveCampaign** or **HubSpot** if you need more advanced automation and CRM.[2][3][5][6][12][14][15]  

Below is a practical br",3
Best email marketing tools for small business,2,search_result,11.0,https://www.forbes.com/advisor/business/software/best-email-marketing-software/,10 Best Email Marketing Software – Forbes Advisor,|Company|Forbes Advisor Rating|Superlative|Starting Monthly Price|Learn More|,"For most small businesses, the best starting points today are **MailerLite**, **Constant Contact**, **Brevo (formerly Sendinblue)**, **Moosend**, and **Mailchimp**, with **ActiveCampaign** or **HubSpot** if you need more advanced automation and CRM.[2][3][5][6][12][14][15]  

Below is a practical br",3
Best email marketing tools for small business,2,search_result,12.0,https://learn.g2.com/best-email-marketing-software,I Evaluated 10 Best Email Marketing Software for 2026,1. **Constant Contact: Best email marketing software for small businesses**,"For most small businesses, the best starting points today are **MailerLite**, **Constant Contact**, **Brevo (formerly Sendinblue)**, **Moosend**, and **Mailchimp**, with **ActiveCampaign** or **HubSpot** if you need more advanced automation and CRM.[2][3][5][6][12][14][15]  

Below is a practical br",3
Best email marketing tools for small business,2,search_result,13.0,https://zeeg.me/en/blog/post/best-email-marketing-software-for-small-businesses,Best Email Marketing Software for Small Businesses in 2026,"HubSpot's email marketing is the strongest option for small businesses that also need a CRM, lead management, and automation in one place.","For most small businesses, the best starting points today are **MailerLite**, **Constant Contact**, **Brevo (formerly Sendinblue)**, **Moosend**, and **Mailchimp**, with **ActiveCampaign** or **HubSpot** if you need more advanced automation and CRM.[2][3][5][6][12][14][15]  

Below is a practical br",3
Best email marketing tools for small business,2,search_result,14.0,https://peterclaridge.com/best-email-marketing-tools-review,Reviewed: The Best Email Marketing Tools (2026 Update),"|Platform|Free / Trial Tier|Entry Paid Plan|What You Get in Entry Tier|
...
|Constant Contact|14-day trial|From $12/month|Basic newsletters, templates, contact list management, simple automation|
|Mai","For most small businesses, the best starting points today are **MailerLite**, **Constant Contact**, **Brevo (formerly Sendinblue)**, **Moosend**, and **Mailchimp**, with **ActiveCampaign** or **HubSpot** if you need more advanced automation and CRM.[2][3][5][6][12][14][15]  

Below is a practical br",3
Best email marketing tools for small business,2,search_result,15.0,https://www.brevo.com/blog/best-email-marketing-services/,15 Best Email Marketing Platforms 2026: Free & Paid - Brevo,"3. Moosend —Best for SMBs and ecommerce
...
|Email marketing platform|Free plan|Prices start at*|G2 rating|Trustpilot rating|Best for|","For most small businesses, the best starting points today are **MailerLite**, **Constant Contact**, **Brevo (formerly Sendinblue)**, **Moosend**, and **Mailchimp**, with **ActiveCampaign** or **HubSpot** if you need more advanced automation and CRM.[2][3][5][6][12][14][15]  

Below is a practical br",3
Best email marketing tools for small business,3,search_result,1.0,https://ventureharbour.com/email-marketing-software-tools-one-best/,10 Best Email Marketing Software & Tools for 2026 (Tested),"#### Best for small businesses
**Winner: ActiveCampaign.** Runner-up: GetResponse.","The best email marketing tools for a small business today are **MailerLite**, **Brevo (formerly Sendinblue)**, **Mailchimp**, **Constant Contact**, and **ActiveCampaign**, with **Klaviyo** standing out if you run an ecommerce store.[3][6][10]  

Below is a practical breakdown so you can choose based",3
Best email marketing tools for small business,3,search_result,2.0,https://www.mailersend.com/blog/email-marketing-tools,7 Best Email Marketing Tools in 2025,"## 1.
MailerLite - Best email marketing tool for small/medium businesses","The best email marketing tools for a small business today are **MailerLite**, **Brevo (formerly Sendinblue)**, **Mailchimp**, **Constant Contact**, and **ActiveCampaign**, with **Klaviyo** standing out if you run an ecommerce store.[3][6][10]  

Below is a practical breakdown so you can choose based",3
Best email marketing tools for small business,3,search_result,3.0,https://www.emailtooltester.com/en/email-marketing-services/,The 19 Best Email Marketing Services in 2026 (+ which ...,"So, basically, if you just want a decent and affordable email solution that won’t cost you an arm and a leg, I’d recommend MailerLite or Brevo.","The best email marketing tools for a small business today are **MailerLite**, **Brevo (formerly Sendinblue)**, **Mailchimp**, **Constant Contact**, and **ActiveCampaign**, with **Klaviyo** standing out if you run an ecommerce store.[3][6][10]  

Below is a practical breakdown so you can choose based",3
Best email marketing tools for small business,3,search_result,4.0,https://learn.g2.com/best-email-marketing-software,I Evaluated 10 Best Email Marketing Software for 2026,1. **Constant Contact: Best email marketing software for small businesses**,"The best email marketing tools for a small business today are **MailerLite**, **Brevo (formerly Sendinblue)**, **Mailchimp**, **Constant Contact**, and **ActiveCampaign**, with **Klaviyo** standing out if you run an ecommerce store.[3][6][10]  

Below is a practical breakdown so you can choose based",3
Best email marketing tools for small business,3,search_result,5.0,https://www.pcmag.com/picks/the-best-email-marketing-software,The Best Email Marketing Software We've Tested for 2026,**Best Overall:** HubSpot Marketing Hub - 4.5 Stars  ,"The best email marketing tools for a small business today are **MailerLite**, **Brevo (formerly Sendinblue)**, **Mailchimp**, **Constant Contact**, and **ActiveCampaign**, with **Klaviyo** standing out if you run an ecommerce store.[3][6][10]  

Below is a practical breakdown so you can choose based",3
Best email marketing tools for small business,3,search_result,6.0,https://www.capterra.com/resources/best-email-marketing-software-small-business-reviews/,Email Marketing for Small Business: Top 13 | Capterra,"-   For most small teams, **MailerLite** and **Brevo** hit the best balance of price, ease, and features.
-   **Flodesk** wins on design for creators.
-   **EmailOctopus** and **Sender** are the lowes","The best email marketing tools for a small business today are **MailerLite**, **Brevo (formerly Sendinblue)**, **Mailchimp**, **Constant Contact**, and **ActiveCampaign**, with **Klaviyo** standing out if you run an ecommerce store.[3][6][10]  

Below is a practical breakdown so you can choose based",3
Best email marketing tools for small business,3,search_result,7.0,https://monday.com/blog/monday-campaigns/best-email-marketing-software/,Best email marketing software for 2026: 15 platforms compared,"Here’s how they compare.
|Platform|Use case|Starting price|Free plan|CRM integration|
|--|--|--|--|--|
...
|Mailchimp|Small businesses and beginners|$13/month|Yes (500 contacts)|Third-party|
...
The b","The best email marketing tools for a small business today are **MailerLite**, **Brevo (formerly Sendinblue)**, **Mailchimp**, **Constant Contact**, and **ActiveCampaign**, with **Klaviyo** standing out if you run an ecommerce store.[3][6][10]  

Below is a practical breakdown so you can choose based",3
Best email marketing tools for small business,3,search_result,8.0,https://crowjack.com/best-email-marketing-softwares,12 Best Email Marketing Software for Small Businesses (2026),"We compared 12 leading platforms including Brevo, MailerLite, Mailchimp, HubSpot, ActiveCampaign, Klaviyo and more—to see how they handle campaign creation, automation, segmentation, lead capture, rep","The best email marketing tools for a small business today are **MailerLite**, **Brevo (formerly Sendinblue)**, **Mailchimp**, **Constant Contact**, and **ActiveCampaign**, with **Klaviyo** standing out if you run an ecommerce store.[3][6][10]  

Below is a practical breakdown so you can choose based",3
Best email marketing tools for small business,3,search_result,9.0,https://guardian.ng/technology/reviewed/the-best-email-marketing-software-for-small-businesses-in-2025/,The Best Email Marketing Software For Small Businesses ...,|AWeber|Best Overall|Visit AWeber →|,"The best email marketing tools for a small business today are **MailerLite**, **Brevo (formerly Sendinblue)**, **Mailchimp**, **Constant Contact**, and **ActiveCampaign**, with **Klaviyo** standing out if you run an ecommerce store.[3][6][10]  

Below is a practical breakdown so you can choose based",3
Best email marketing tools for small business,3,search_result,10.0,https://toolradar.com/blog/email-marketing-platforms-comparison,10 Email Marketing Platforms Compared (2026 Pricing ...,"## Quick comparison
|Platform|Free plan|Paid from|Best for|Standout feature|
|--|--|--|--|--|
|Mailchimp|250 contacts|$13/mo|Small business starting out|Easiest drag-and-drop editor|
|Kit (formerly Co","The best email marketing tools for a small business today are **MailerLite**, **Brevo (formerly Sendinblue)**, **Mailchimp**, **Constant Contact**, and **ActiveCampaign**, with **Klaviyo** standing out if you run an ecommerce store.[3][6][10]  

Below is a practical breakdown so you can choose based",3
Best email marketing tools for small business,3,search_result,11.0,https://monday.com/blog/monday-campaigns/best-email-marketing-software-for-small-business/,Best Email Marketing Software for Small Business 2026,"|Platform|Best For|Starting Price|CRM Integration|
...
If you want native CRM integration and AI-powered campaign creation, monday campaigns is a strong choice.","The best email marketing tools for a small business today are **MailerLite**, **Brevo (formerly Sendinblue)**, **Mailchimp**, **Constant Contact**, and **ActiveCampaign**, with **Klaviyo** standing out if you run an ecommerce store.[3][6][10]  

Below is a practical breakdown so you can choose based",3
Best email marketing tools for small business,3,search_result,12.0,https://www.business.com/categories/best-email-marketing-services/,Best Email Marketing Service & Software Reviews of 2026,"- Constant Contact Email Marketing:Best for Small Businesses
- iContact:Best for Email List Management","The best email marketing tools for a small business today are **MailerLite**, **Brevo (formerly Sendinblue)**, **Mailchimp**, **Constant Contact**, and **ActiveCampaign**, with **Klaviyo** standing out if you run an ecommerce store.[3][6][10]  

Below is a practical breakdown so you can choose based",3
Best email marketing tools for small business,3,search_result,13.0,https://selzy.com/en/blog/email-marketing-software-for-small-business/,11 Best Email Marketing Software for Small Businesses in 2026,"|**Business job**|**Recommended shortlist**|**Why**|**Required plan**|**Decisive limitation**|
...
|**Tool**|**Billing unit**|**Entry paid price (500 contacts, or nearest published tier)**|**Free plan","The best email marketing tools for a small business today are **MailerLite**, **Brevo (formerly Sendinblue)**, **Mailchimp**, **Constant Contact**, and **ActiveCampaign**, with **Klaviyo** standing out if you run an ecommerce store.[3][6][10]  

Below is a practical breakdown so you can choose based",3
Best email marketing tools for small business,3,search_result,14.0,https://www.forbes.com/advisor/business/software/best-email-marketing-software/,10 Best Email Marketing Software – Forbes Advisor,|Company|Forbes Advisor Rating|Superlative|Starting Monthly Price|Learn More|,"The best email marketing tools for a small business today are **MailerLite**, **Brevo (formerly Sendinblue)**, **Mailchimp**, **Constant Contact**, and **ActiveCampaign**, with **Klaviyo** standing out if you run an ecommerce store.[3][6][10]  

Below is a practical breakdown so you can choose based",3
Best email marketing tools for small business,3,search_result,15.0,https://www.techradar.com/best/best-email-marketing-software,Best email marketing platform in 2026,"## Best email marketing service for small business
...
Neo mail
Best for small businesses","The best email marketing tools for a small business today are **MailerLite**, **Brevo (formerly Sendinblue)**, **Mailchimp**, **Constant Contact**, and **ActiveCampaign**, with **Klaviyo** standing out if you run an ecommerce store.[3][6][10]  

Below is a practical breakdown so you can choose based",3
